Species;AcceptedSpecies;Genus;Family
Abaeis nicippe;Abaeis nicippe;Abaeis;Pieridae
Acalyptris platani;Acalyptris platani;Acalyptris;Nepticulidae
Acentria ephemerella;Acentria ephemerella;Acentria;Crambidae
Achaea ablunaris;Achaea ablunaris;Achaea;Erebidae
Achaea janata;Achaea janata;Achaea;Erebidae
Acharia apicalis;Sibine apicalis;Sibine;Limacodidae
Acharia stimulea;Acharia stimulea;Acharia;Limacodidae
Achroia grisella;Achroia grisella;Achroia;Pyralidae
Achyra affinitalis;Achyra affinitalis;Achyra;Crambidae
Acleris comariana;Acleris comariana;Acleris;Tortricidae
Acleris forsskaleana;Acleris forsskaleana;Acleris;Tortricidae
Acleris holmiana;Acleris holmiana;Acleris;Tortricidae
Acleris rhombana;Acleris rhombana;Acleris;Tortricidae
Acleris undulana;Acleris undulana;Acleris;Tortricidae
Acleris variegana;Acleris variegana;Acleris;Tortricidae
Acleris zimmermani;Acleris zimmermani;Acleris;Tortricidae
Acontia candefacta;Acontia candefacta;Acontia;Noctuidae
Acontia crocata;Acontia crocata;Acontia;Noctuidae
Acraea terpiscore;Acraea terpsicore;Acraea;Nymphalidae
Acraea terpsicore;Acraea terpsicore;Acraea;Nymphalidae
Acrobasis suavella;Acrobasis suavella;Acrobasis;Pyralidae
Acrocercops laciniella;Acrocercops laciniella;Acrocercops;Gracillariidae
Acrolepia assectella;Acrolepia assectella;Acrolepia;Glyphipterigidae
Acrolepiopsis assectella;Acrolepia assectella;Acrolepia;Glyphipterigidae
Acrolepiopsis jaspidata;Acrolepia jaspidata;Acrolepia;Glyphipterigidae
Acrolepiopsis sapporensis;Acrolepiopsis sapporensis;Acrolepiopsis;Glyphipterigidae
Acronicta rumicis;Acronicta rumicis;Acronicta;Noctuidae
Actias isabellae;Graellsia isabellae;Graellsia;Saturniidae
Actias selene;Actias selene;Actias;Saturniidae
Actinotia hyperici;Chloantha hyperici;Chloantha;Noctuidae
Adoxophyes privatana;Adoxophyes privatana;Adoxophyes;Tortricidae
Aethes rubiginana;Aethes rubiginana;Aethes;Tortricidae
Aethes rutilana;Aethes rutilana;Aethes;Tortricidae
Agapeta zoegana;Agapeta zoegana;Agapeta;Tortricidae
Agassiziella angulipennis;Agassiziella angulipennis;Agassiziella;Crambidae
Agathodes designalis;Agathodes designalis;Agathodes;Crambidae
Aglais io;Aglais io;Aglais;Nymphalidae
Aglaonice hirtipalpis;Aglaonice hirtipalpis;Aglaonice;Erebidae
Aglossa caprealis;Aglossa caprealis;Aglossa;Pyralidae
Aglossa dimidiata;Aglossa dimidiatus;Aglossa;Pyralidae
Aglossa dimidiatus;Aglossa dimidiatus;Aglossa;Pyralidae
Aglossa pinguinalis;Aglossa pinguinalis;Aglossa;Pyralidae
Agonopterix alstroemeriana;Agonopterix alstromeriana;Agonopterix;Depressariidae
Agonopterix alstromeriana;Agonopterix alstromeriana;Agonopterix;Depressariidae
Agonopterix arenella;Agonopterix arenella;Agonopterix;Depressariidae
Agonopterix assimilella;Agonopterix assimilella;Agonopterix;Depressariidae
Agonopterix assimillella;Agonopterix assimilella;Agonopterix;Depressariidae
Agonopterix ciliella;Agonopterix ciliella;Agonopterix;Depressariidae
Agonopterix heracliana;Agonopterix heracliana;Agonopterix;Depressariidae
Agonopterix nervosa;Agonopterix nervosa;Agonopterix;Depressariidae
Agonopterix ulicetella;Agonopterix ulicetella;Agonopterix;Depressariidae
Agonoxena argaula;Agonoxena argaula;Agonoxena;Elachistidae
Agonoxena pyrogramma;Agonoxena pyrogramma;Agonoxena;Elachistidae
Agriphila vulgivagella;Agriphila vulgivagellus;Agriphila;Crambidae
Agrius cingulata;Agrius cingulata;Agrius;Sphingidae
Agrius cingulatus;Agrius cingulata;Agrius;Sphingidae
Agrius convolvuli;Agrius convolvuli;Agrius;Sphingidae
Agrochola lota;Leptologia lota;Leptologia;Noctuidae
Agrochola lunosa;Anchoscelis lunosa;Anchoscelis;Noctuidae
Agrotera basinotata;Agrotera basinotata;Agrotera;Crambidae
Agrotis ipsilon;Agrotis ipsilon;Agrotis;Noctuidae
Agrotis segetum;Agrotis segetum;Agrotis;Noctuidae
Alabama argillacea;Anomis argillacea;Anomis;Erebidae
Alucita objurgatella;Alucita objurgatella;Alucita;Alucitidae
Amorbia emigratella;Amorbia emigratella;Amorbia;Tortricidae
Amphipyra tragopoginis;Amphipyra tragopoginis;Amphipyra;Noctuidae
Amyelois transitella;Amyelois transitella;Amyelois;Pyralidae
Amyna axis;Amyna axis;Amyna;Noctuidae
Amyna natalis;Amyna natalis;Amyna;Noctuidae
Anacampsis humilis;Anacampsis humilis;Anacampsis;Gelechiidae
Anacampsis obscurella;Anacampsis obscurella;Anacampsis;Gelechiidae
Anacampsis populella;Anacampsis populella;Anacampsis;Gelechiidae
Anagasta kuehniella;Ephestia kuehniella;Ephestia;Pyralidae
Anagrapha falcifera;Anagrapha falcifera;Anagrapha;Noctuidae
Anania hortulata;Anania hortulata;Anania;Crambidae
Anarsia lineatella;Anarsia lineatella;Anarsia;Gelechiidae
Anarsia spartiella;Anarsia spartiella;Anarsia;Gelechiidae
Anarta decepta;Anarta decepta;Anarta;Noctuidae
Anarta edwardsii;Anarta edwardsii;Anarta;Noctuidae
Anarta trifolii;Anarta trifolii;Anarta;Noctuidae
Anartia chrysopelea;Anartia lytraea;Anartia;Nymphalidae
Anartia fatima;Anartia fatima;Anartia;Nymphalidae
Anartia lytraea;Anartia lytraea;Anartia;Nymphalidae
Anatrachyntis badia;Anatrachyntis badia;Anatrachyntis;Cosmopterigidae
Anatrachyntis incertulella;Pyroderces incertulella;Pyroderces;Cosmopterigidae
Anatrachyntis rileyi;Anatrachyntis rileyi;Anatrachyntis;Cosmopterigidae
Anatrachyntis simplex;Anatrachyntis simplex;Anatrachyntis;Cosmopterigidae
Anchoscelis lunosa;Anchoscelis lunosa;Anchoscelis;Noctuidae
Ancylis comptana;Ancylis comptana;Ancylis;Tortricidae
Ancylostomia stercorea;Ancylostomia stercorea;Ancylostomia;Crambidae
Angustalius malacelloides;Bleszynskia malacelloides;Bleszynskia;Crambidae
Anisoplaca cosmia;Anisoplaca cosmia;Anisoplaca;Gelechiidae
Anomis argillacea;Anomis argillacea;Anomis;Erebidae
Anomis erosa;Anomis erosa;Anomis;Erebidae
Anomis flava;Anomis flava;Anomis;Erebidae
Anomis involuta;Zale minerea;Zale;Erebidae
Anomis luridula;Anomis luridula;Anomis;Erebidae
Anomis privata;Anomis privata;Anomis;Erebidae
Anomis sabulifera;Anomis sabulifera;Anomis;Erebidae
Anstenoptilia marmorodactyla;Anstenoptilia marmorodactyla;Anstenoptilia;Pterophoridae
Antheraca yamamai;Antheraea yamamai;Antheraea;Saturniidae
Antheraea paphia;Antheraea paphia;Antheraea;Saturniidae
Antheraea pernyi;Antheraea pernyi;Antheraea;Saturniidae
Antheraea polyphemus;Antheraea polyphemus;Antheraea;Saturniidae
Antheraea yamamai;Antheraea yamamai;Antheraea;Saturniidae
Anthophila fabriciana;Anthophila fabriciana;Anthophila;Choreutidae
Anthophila nemorana;Anthophila nemorana;Anthophila;Choreutidae
Antiblemma acclinalis;Antiblemma acclinalis;Antiblemma;Erebidae
Anticarsia gemmatalis;Anticarsia gemmatalis;Anticarsia;Erebidae
Antichloris eriphia;Antichloris eriphia;Antichloris;Erebidae
Antichloris steinbachi;Antichloris steinbachi;Antichloris;Erebidae
Antichloris viridis;Antichloris viridis;Antichloris;Erebidae
Antigastra catalaunalis;Antigastra catalaunalis;Antigastra;Crambidae
Antispila oinophylla;Antispila oinophylla;Antispila;Heliozelidae
Anypsipyla univitella;Anypsipyla univitella;Anypsipyla;Pyralidae
Apamea crenata;Apamea crenata;Apamea;Noctuidae
Apamea remissa;Apamea remissa;Apamea;Noctuidae
Apamea unanimis;Apamea unanimis;Apamea;Noctuidae
Aphnaeus schistacea;Aphnaeus schistacea;Aphnaeus;Lycaenidae
Aphomia cephalonica;Corcyra cephalonica;Corcyra;Pyralidae
Aphomia gularis;Paralipsa gularis;Paralipsa;Pyralidae
Aphomia sabella;Arenipses sabella;Arenipses;Pyralidae
Aphomia sociella;Aphomia sociella;Aphomia;Pyralidae
Aphrissa orbis;Aphrissa orbis;Aphrissa;Pieridae
Aplocera efformata;Aplocera efformata;Aplocera;Geometridae
Aplocera plagiata;Aplocera plagiata;Aplocera;Geometridae
Apomyelois ceratoniae;Apomyelois ceratoniae;Apomyelois;Pyralidae
Apopestes spectrum;Apopestes spectrum;Apopestes;Erebidae
Appias lyncida;Appias lyncida;Appias;Pieridae
Aproaerema modicella;Aproaerema modicella;Aproaerema;Gelechiidae
Aproaerema simplixella;Aproaerema simplexella;Aproaerema;Gelechiidae
Apterona crenulella;Apterona helicoidella;Apterona;Psychidae
Apterona helicoidella;Apterona helicoidella;Apterona;Psychidae
Apterona helix;Apterona helicoidella;Apterona;Psychidae
Araeopteron ecphaea;Araeopteron ecphaea;Araeopteron;Noctuidae
Archips fuscocupreanus;Archips fuscocupreanus;Archips;Tortricidae
Archips oporana;Archips oporana;Archips;Tortricidae
Archips podana;Archips podana;Archips;Tortricidae
Archips rosana;Archips rosana;Archips;Tortricidae
Archips xylosteana;Archips xylosteana;Archips;Tortricidae
Archips xylosteanus;Archips xylosteana;Archips;Tortricidae
Arcola malloi;Arcola malloi;Arcola;Pyralidae
Arenipses sabella;Arenipses sabella;Arenipses;Pyralidae
Argyresthia conjugella;Argyresthia conjugella;Argyresthia;Argyresthiidae
Argyresthia cupressella;Argyresthia cupressella;Argyresthia;Argyresthiidae
Argyresthia laevigatella;Argyresthia laevigatella;Argyresthia;Argyresthiidae
Argyresthia pruniella;Argyresthia pruniella;Argyresthia;Argyresthiidae
Argyresthia thuiella;Argyresthia thuiella;Argyresthia;Argyresthiidae
Argyresthia trifasciata;Argyresthia trifasciata;Argyresthia;Argyresthiidae
Argyria centrifugens;Argyria centrifugens;Argyria;Crambidae
Argyria lacteella;Argyria lacteella;Argyria;Crambidae
Argyrogramma verruca;Argyrogramma verruca;Argyrogramma;Noctuidae
Ariadne ariadne;Ariadne ariadne;Ariadne;Nymphalidae
Aristaea thalassias;Aristaea thalassias;Aristaea;Gracillariidae
Aristotelia ivae;Aristotelia ivae;Aristotelia;Gelechiidae
Aristotelia leptocrossa;Monochroa hornigi;Monochroa;Gelechiidae
Artigisa melanephele;Artigisa melanephele;Artigisa;Erebidae
Artona martini;Artona martini;Artona;Zygaenidae
Ascalapha odorata;Ascalapha odorata;Ascalapha;Erebidae
Ascalenia acaciella;Ascalenia acaciella;Ascalenia;Cosmopterigidae
Asciodes gordialis;Asciodes gordialis;Asciodes;Crambidae
Asciodes quietalis;Asciodes gordialis;Asciodes;Crambidae
Asota ficus;Asota ficus;Asota;Erebidae
Assara seminivale;Assara seminivale;Assara;Pyralidae
Ategumia adipalis;Ategumia adipalis;Ategumia;Crambidae
Ategumia matutinalis;Ategumia matutinalis;Ategumia;Crambidae
Athetis tenuis;Athetis tenuis;Athetis;Noctuidae
Athetis thoracica;Athetis thoracica;Athetis;Noctuidae
Athrips mouffetella;Athrips mouffetella;Athrips;Gelechiidae
Athrips pruinosella;Athrips pruinosella;Athrips;Gelechiidae
Athrips rancidella;Athrips rancidella;Athrips;Gelechiidae
Auratonota dispersa;Auratonota dispersa;Auratonota;Tortricidae
Autographa californica;Autographa californica;Autographa;Noctuidae
Autographa precationis;Autographa precationis;Autographa;Noctuidae
Autoplusia illustrata;Notioplusia illustrata;Notioplusia;Noctuidae
Autosticha kyotensis;Autosticha kyotensis;Autosticha;Autostichidae
Autosticha modicella;Autosticha modicella;Autosticha;Autostichidae
Autosticha pelodes;Autosticha pelodes;Autosticha;Autostichidae
Azeta repugnalis;Azeta repugnalis;Azeta;Erebidae
Bactra minima;Bactra minima;Bactra;Tortricidae
Bactra philocherda;Bactra philocherda;Bactra;Tortricidae
Bactra venosana;Bactra venosana;Bactra;Tortricidae
Bagisara repanda;Bagisara repanda;Bagisara;Noctuidae
Balanomis encyclia;Balanomis encyclia;Balanomis;Pyralidae
Barea asbolaea;Barea asbolaea;Barea;Oecophoridae
Barea codrella;Barea codrella;Barea;Oecophoridae
Barea confusella;Barea confusella;Barea;Oecophoridae
Barea consignatella;Barea consignatella;Barea;Oecophoridae
Barea exarcha;Barea exarcha;Barea;Oecophoridae
Batia lunaris;Batia lunaris;Batia;Oecophoridae
Batrachedra amydraula;Batrachedra amydraula;Batrachedra;Batrachedridae
Batrachedra knabi;Batrachedra knabi;Batrachedra;Batrachedridae
Batrachedra pinicolella;Batrachedra pinicolella;Batrachedra;Batrachedridae
Battus philenor;Battus philenor;Battus;Papilionidae
Bedellia orchilella;Bedellia orchilella;Bedellia;Bedelliidae
Bedellia somnulentella;Bedellia somnulentella;Bedellia;Bedelliidae
Bema neuricella;Bema neuricella;Bema;Pyralidae
Bifascioides leucomelanellus;Bifascioides leucomelanella;Bifascioides;Cosmopterigidae
Bilobata subsecivella;Bilobata subsecivella;Bilobata;Gelechiidae
Blastobasis adustella;Blastobasis adustella;Blastobasis;Blastobasidae
Blastobasis decolorella;Blastobasis decolorella;Blastobasis;Blastobasidae
Blastobasis glandulella;Blastobasis glandulella;Blastobasis;Blastobasidae
Blastobasis lacticolella;Blastobasis lacticolella;Blastobasis;Blastobasidae
Blastobasis marmorosella;Blastobasis marmorosella;Blastobasis;Blastobasidae
Blastobasis maroccanella;Blastobasis maroccanella;Blastobasis;Blastobasidae
Blastobasis rebeli;Blastobasis rebeli;Blastobasis;Blastobasidae
Blastobasis tarda;Blastobasis tarda;Blastobasis;Blastobasidae
Blastobasis vittata;Blastobasis vittata;Blastobasis;Blastobasidae
Blastodacna atra;Blastodacna atra;Blastodacna;Elachistidae
Bleptina araealis;Bleptina araealis;Bleptina;Erebidae
Bleszynskia malacelloides;Bleszynskia malacelloides;Bleszynskia;Crambidae
Bocana manifestalis;Bocana manifestalis;Bocana;Erebidae
Bohemannia pulverosella;Bohemannia pulverosella;Bohemannia;Nepticulidae
Bombyx mori;Bombyx mori;Bombyx;Bombycidae
Borbo cinnara;Borbo cinnara;Borbo;Hesperiidae
Borkhausenia fuscescens;Borkhausenia fuscescens;Borkhausenia;Oecophoridae
Borkhausenia nefrax;Borkhausenia nefrax;Borkhausenia;Oecophoridae
Brachycyttarus griseus;Brachycyttarus griseus;Brachycyttarus;Psychidae
Bradyrrhoa gilveolella;Bradyrrhoa gilveolella;Bradyrrhoa;Pyralidae
Brephidium exilis;Brephidium exilis;Brephidium;Lycaenidae
Bucculatrix ainsliella;Bucculatrix ainsliella;Bucculatrix;Bucculatricidae
Bucculatrix chrysanthemella;Bucculatrix chrysanthemella;Bucculatrix;Bucculatricidae
Bucculatrix ivella;Bucculatrix ivella;Bucculatrix;Bucculatricidae
Bucculatrix parthenica;Bucculatrix parthenica;Bucculatrix;Bucculatricidae
Bucculatrix thurberiella;Bucculatrix thurberiella;Bucculatrix;Bucculatricidae
Bucculatrix ulmifoliae;Bucculatrix ulmifoliae;Bucculatrix;Bucculatricidae
Cacocharis cymotoma;Cacocharis cymotoma;Cacocharis;Tortricidae
Cacoeciamorpha pronubana;Cacoecimorpha pronubana;Cacoecimorpha;Tortricidae
Cacoecimorpha pronubana;Cacoecimorpha pronubana;Cacoecimorpha;Tortricidae
Cactoblastis cactorum;Cactoblastis cactorum;Cactoblastis;Pyralidae
Cactoblastis doddi;Cactoblastis doddi;Cactoblastis;Pyralidae
Cacyreus marshalli;Cacyreus marshalli;Cacyreus;Lycaenidae
Cadra calidella;Cadra calidella;Cadra;Pyralidae
Cadra cautella;Cadra cautella;Cadra;Pyralidae
Cadra figulilella;Cadra figulilella;Cadra;Pyralidae
Calephelis virginiensis;Calephelis virginiensis;Calephelis;Riodinidae
Callima formosella;Callima formosella;Callima;Oecophoridae
Callopistria floridensis;Callopistria floridensis;Callopistria;Noctuidae
Callopistria jamaicensis;Callopistria jamaicensis;Callopistria;Noctuidae
Callopistria maillardi;Callopistria maillardi;Callopistria;Noctuidae
Calophasia lunula;Calophasia lunula;Calophasia;Noctuidae
Caloptilia azaleela;Caloptilia azaleella;Caloptilia;Gracillariidae
Caloptilia azaleella;Caloptilia azaleella;Caloptilia;Gracillariidae
Caloptilia coruscans;Caloptilia coruscans;Caloptilia;Gracillariidae
Caloptilia mabaella;Caloptilia mabaella;Caloptilia;Gracillariidae
Caloptilia negundella;Caloptilia negundella;Caloptilia;Gracillariidae
Caloptilia roscipennella;Caloptilia roscipennella;Caloptilia;Gracillariidae
Caloptilia syringella;Gracillaria syringella;Gracillaria;Gracillariidae
Caloptilia triadicae;Caloptilia triadicae;Caloptilia;Gracillariidae
Calpodes ethlius;Calpodes ethlius;Calpodes;Hesperiidae
Cameraria gaultheriella;Cameraria gaultheriella;Cameraria;Gracillariidae
Cameraria ohridella;Cameraria ohridella;Cameraria;Gracillariidae
Caphys biliniata;Caphys biliniata;Caphys;Pyralidae
Capua intractana;Capua intractana;Capua;Tortricidae
Caradrina clavipalpis;Caradrina clavipalpis;Caradrina;Noctuidae
Caradrina kadenii;Caradrina kadenii;Caradrina;Noctuidae
Caradrina morpheus;Caradrina morpheus;Caradrina;Noctuidae
Carcina quercana;Carcina quercana;Carcina;Peleopodidae
Caristanius decoloralis;Caristanius decoloralis;Caristanius;Pyralidae
Carmenta mimosa;Carmenta mimosa;Carmenta;Sesiidae
Carpatolechia fugitivella;Carpatolechia fugitivella;Carpatolechia;Gelechiidae
Carposina autologa;Carposina autologa;Carposina;Carposinidae
Carposina bullata;Carposina bullata;Carposina;Carposinidae
Carposina neurophorella;Carposina neurophorella;Carposina;Carposinidae
Carposina niponensis;Carposina niponensis;Carposina;Carposinidae
Carposina sasakii;Carposina sasakii;Carposina;Carposinidae
Castnia licus;Castnia licus;Castnia;Castniidae
Catocala fraxini;Catocala fraxini;Catocala;Erebidae
Catopsilia pyranthe;Catopsilia pyranthe;Catopsilia;Pieridae
Cebysa leucotelus;Cebysa leucotelus;Cebysa;Psychidae
Cerapteryx graminis;Cerapteryx graminis;Cerapteryx;Noctuidae
Chabula acamasalis;Chabula acamasalis;Chabula;Crambidae
Chalciope hyppasia;Chalciope hyppasia;Chalciope;Erebidae
Chamaesphecia crassicornis;Chamaesphecia crassicornis;Chamaesphecia;Sesiidae
Chamaesphecia empiformis;Chamaesphecia empiformis;Chamaesphecia;Sesiidae
Chamaesphecia mysiniformis;Chamaesphecia mysiniformis;Chamaesphecia;Sesiidae
Characoma nilitica;Garella nilotica;Garella;Nolidae
Cheimophila salicella;Dasystoma salicella;Dasystoma;Lypusidae
Chiasmia aestimaria;Chiasmia aestimaria;Chiasmia;Geometridae
Chilo partellus;Chilo partellus;Chilo;Crambidae
Chilo sacchariphagus;Chilo sacchariphagus;Chilo;Crambidae
Chilo suppressalis;Chilo suppressalis;Chilo;Crambidae
Chloridea virescens;Chloridea virescens;Chloridea;Noctuidae
Chloroclystis filata;Chloroclystis filata;Chloroclystis;Geometridae
Chloroclystis insigillata;Chloroclystis insigillata;Chloroclystis;Geometridae
Chloroclystis latifasciata;Chloroclystis latifasciata;Chloroclystis;Geometridae
Chloroclystis pyrrholopha;Chloroclystis pyrrholopha;Chloroclystis;Geometridae
Chloroclystis rectangulata;Pasiphila rectangulata;Pasiphila;Geometridae
Chlumetia brevisigna;Chlumetia brevisigna;Chlumetia;Euteliidae
Choreutis nemorana;Anthophila nemorana;Anthophila;Choreutidae
Choreutis pariana;Choreutis pariana;Choreutis;Choreutidae
Choreutis sexfasciella;Choreutis sexfasciella;Choreutis;Choreutidae
Choristoneura freemani;Choristoneura freemani;Choristoneura;Tortricidae
Choristoneura rosaceana;Choristoneura rosaceana;Choristoneura;Tortricidae
Chrysaster hagicola;Chrysaster hagicola;Chrysaster;Gracillariidae
Chrysaster ostensackenella;Chrysaster ostensackenella;Chrysaster;Gracillariidae
Chrysoclista linneela;Chrysoclista linneela;Chrysoclista;Elachistidae
Chrysoclista linneella;Chrysoclista linneela;Chrysoclista;Elachistidae
Chrysodeixis acuta;Chrysodeixis acuta;Chrysodeixis;Noctuidae
Chrysodeixis chalcites;Chrysodeixis chalcites;Chrysodeixis;Noctuidae
Chrysodeixis eriosoma;Chrysodeixis eriosoma;Chrysodeixis;Noctuidae
Chrysoesthia drurella;Chrysoesthia drurella;Chrysoesthia;Gelechiidae
Chrysoesthia sexgutella;Chrysoesthia sexguttella;Chrysoesthia;Gelechiidae
Chrysoesthia sexguttella;Chrysoesthia sexguttella;Chrysoesthia;Gelechiidae
Citripestis eutraphera;Citripestis eutraphera;Citripestis;Pyralidae
Clanis phalaris;Clanis phalaris;Clanis;Sphingidae
Clavigesta sylvestrana;Clavigesta sylvestrana;Clavigesta;Tortricidae
Clepsis consimilana;Clepsis consimilana;Clepsis;Tortricidae
Clepsis peritana;Clepsis peritana;Clepsis;Tortricidae
Clepsis retiferana;Clepsis retiferana;Clepsis;Tortricidae
Clepsis spectrana;Clepsis spectrana;Clepsis;Tortricidae
Cnaemidophorus rhododactyla;Cnaemidophorus rhododactyla;Cnaemidophorus;Pterophoridae
Cnaphalocrocis medinalis;Cnaphalocrocis medinalis;Cnaphalocrocis;Crambidae
Cnaphalocrocis poeyalis;Cnaphalocrocis poeyalis;Cnaphalocrocis;Crambidae
Cnaphalocrocis trapezalis;Cnaphalocrocis trapezalis;Cnaphalocrocis;Crambidae
Cnephasia asseclana;Cnephasia asseclana;Cnephasia;Tortricidae
Cnephasia interjectana;Cnephasia asseclana;Cnephasia;Tortricidae
Cnephasia longana;Cnephasia longana;Cnephasia;Tortricidae
Cnephasia stephensiana;Cnephasia stephensiana;Cnephasia;Tortricidae
Cnidocampa flavescens;Monema flavescens;Monema;Limacodidae
Cochylichroa atricapitana;Cochylis atricapitana;Cochylis;Tortricidae
Cochylis atricapitana;Cochylis atricapitana;Cochylis;Tortricidae
Coleophora alcyonipennella;Coleophora alcyonipennella;Coleophora;Coleophoridae
Coleophora anatipennella;Coleophora anatipennella;Coleophora;Coleophoridae
Coleophora badiipennella;Coleophora badiipennella;Coleophora;Coleophoridae
Coleophora bernoulliella;Coleophora anatipennella;Coleophora;Coleophoridae
Coleophora colutella;Coleophora colutella;Coleophora;Coleophoridae
Coleophora coracipennella;Coleophora coracipennella;Coleophora;Coleophoridae
Coleophora coxi;Coleophora texanella;Coleophora;Coleophoridae
Coleophora deauratella;Coleophora deauratella;Coleophora;Coleophoridae
Coleophora frischella;Coleophora frischella;Coleophora;Coleophoridae
Coleophora fuscedinella;Coleophora serratella;Coleophora;Coleophoridae
Coleophora klimeschiella;Coleophora klimeschiella;Coleophora;Coleophoridae
Coleophora laricella;Coleophora laricella;Coleophora;Coleophoridae
Coleophora limosipennella;Coleophora limosipennella;Coleophora;Coleophoridae
Coleophora mayrella;Coleophora mayrella;Coleophora;Coleophoridae
Coleophora parthenica;Coleophora parthenica;Coleophora;Coleophoridae
Coleophora serratella;Coleophora serratella;Coleophora;Coleophoridae
Coleophora spinella;Coleophora spinella;Coleophora;Coleophoridae
Coleophora spiraeella;Coleophora spiraeella;Coleophora;Coleophoridae
Coleophora striatipennella;Coleophora striatipennella;Coleophora;Coleophoridae
Coleophora texanella;Coleophora texanella;Coleophora;Coleophoridae
Coleophora trifolii;Coleophora trifolii;Coleophora;Coleophoridae
Coleophora versurella;Coleophora versurella;Coleophora;Coleophoridae
Coleotechnites piceaella;Coleotechnites piceaella;Coleotechnites;Gelechiidae
Commoneria sinuata;Commoneria sinuata;Commoneria;Tortricidae
Comostola laesaria;Comostola laesaria;Comostola;Geometridae
Comostolopsis germana;Comostolopsis germana;Comostolopsis;Geometridae
Comotia torsicornis;Comotia torsicornis;Comotia;Pyralidae
Condica illecta;Condica illecta;Condica;Noctuidae
Conistra rubiginosa;Conistra rubiginosa;Conistra;Noctuidae
Conogethes punctiferalis;Conogethes punctiferalis;Conogethes;Crambidae
Conopomorpha cramerella;Conopomorpha cramerella;Conopomorpha;Gracillariidae
Conopomorpha litchiela;Conopomorpha litchiella;Conopomorpha;Gracillariidae
Conopomorpha litchiella;Conopomorpha litchiella;Conopomorpha;Gracillariidae
Conopomorpha sinensis;Conopomorpha sinensis;Conopomorpha;Gracillariidae
Copaxa lavendera;Copaxa lavendera;Copaxa;Saturniidae
Coptodisca juglandiella;Coptodisca juglandiella;Coptodisca;Heliozelidae
Coptodisca lucifluella;Coptodisca lucifluella;Coptodisca;Heliozelidae
Corcyra cephalonica;Corcyra cephalonica;Corcyra;Pyralidae
Coscinoptycha improbana;Coscinoptycha improbana;Coscinoptycha;Carposinidae
Cosmodes elegans;Cosmodes elegans;Cosmodes;Noctuidae
Cosmopterix attenuatella;Cosmopterix attenuatella;Cosmopterix;Cosmopterigidae
Cosmopterix feminella;Cosmopterix feminella;Cosmopterix;Cosmopterigidae
Crasimorpha infuscata;Crasimorpha infuscata;Crasimorpha;Gelechiidae
Cremastobombycia lantanella;Cremastobombycia lantanella;Cremastobombycia;Gracillariidae
Crocidolomia binotalis;Crocidolomia pavonana;Crocidolomia;Crambidae
Crocidolomia pavonana;Crocidolomia pavonana;Crocidolomia;Crambidae
Crocidophora butleri;Crocidophora butleri;Crocidophora;Crambidae
Crocidosema aporema;Crocidosema aporema;Crocidosema;Tortricidae
Crocidosema lantana;Crocidosema lantana;Crocidosema;Tortricidae
Crocidosema plebejana;Crocidosema plebejana;Crocidosema;Tortricidae
Crocidosema synneurota;Crocidosema synneurota;Crocidosema;Tortricidae
Croesia forskaleana;Acleris forsskaleana;Acleris;Tortricidae
Croesia holmiana;Acleris holmiana;Acleris;Tortricidae
Cryphia algae;Cryphia algae;Cryphia;Noctuidae
Crypsiptya coclesalis;Crypsiptya coclesalis;Crypsiptya;Crambidae
Crypsithyrodes concolorella;Crypsithyrodes concolorella;Crypsithyrodes;Tineidae
Cryptoblabes adoceta;Cryptoblabes adoceta;Cryptoblabes;Pyralidae
Cryptoblabes gnidiella;Cryptoblabes gnidiella;Cryptoblabes;Pyralidae
Cryptographis nitidalis;Cryptographis nitidalis;Cryptographis;Crambidae
Cryptophlebia illepida;Cryptophlebia illepida;Cryptophlebia;Tortricidae
Cryptophlebia leucotreta;Thaumatotibia leucotreta;Thaumatotibia;Tortricidae
Cryptophlebia ombrodelta;Cryptophlebia ombrodelta;Cryptophlebia;Tortricidae
Ctenoplusia albostriata;Ctenoplusia albostriata;Ctenoplusia;Noctuidae
Ctenoplusia limbirena;Ctenoplusia limbirena;Ctenoplusia;Noctuidae
Ctenopseustis obliquana;Ctenopseustis obliquana;Ctenopseustis;Tortricidae
Cucullia umbratica;Cucullia umbratica;Cucullia;Noctuidae
Culladia cuneiferellus;Culladia cuneiferellus;Culladia;Crambidae
Cupha erymanthis;Cupha erymanthis;Cupha;Nymphalidae
Curetis acuta;Curetis acuta;Curetis;Lycaenidae
Cyanophrys amyntor;Thecla amyntor;Thecla;Lycaenidae
Cyanotricha necyria;Cyanotricha necyria;Cyanotricha;Notodontidae
Cyclargus ammon;Cyclargus ammon;Cyclargus;Lycaenidae
Cyclophora nanaria;Cyclophora nanaria;Cyclophora;Geometridae
Cyclophora obstataria;Cyclophora obstataria;Cyclophora;Geometridae
Cydalima perspectalis;Cydalima perspectalis;Cydalima;Crambidae
Cydia coniferana;Cydia coniferana;Cydia;Tortricidae
Cydia deshaisiana;Cydia saltitans;Cydia;Tortricidae
Cydia grunertiana;Cydia grunertiana;Cydia;Tortricidae
Cydia illutana;Cydia illutana;Cydia;Tortricidae
Cydia interscindana;Cydia interscindana;Cydia;Tortricidae
Cydia lathyrana;Grapholita lathyrana;Grapholita;Tortricidae
Cydia medicaginis;Cydia medicaginis;Cydia;Tortricidae
Cydia milleniana;Cydia millenniana;Cydia;Tortricidae
Cydia millenniana;Cydia millenniana;Cydia;Tortricidae
Cydia molesta;Grapholita molesta;Grapholita;Tortricidae
Cydia nigricana;Cydia nigricana;Cydia;Tortricidae
Cydia pactolana;Cydia pactolana;Cydia;Tortricidae
Cydia pomonella;Cydia pomonella;Cydia;Tortricidae
Cydia saltitans;Cydia saltitans;Cydia;Tortricidae
Cydia splendana;Cydia splendana;Cydia;Tortricidae
Cydia strobilella;Cydia strobilella;Cydia;Tortricidae
Cydia succedana;Cydia succedana;Cydia;Tortricidae
Cydia ulicetana;Cydia ulicetana;Cydia;Tortricidae
Cymolomia hartigiana;Cymolomia hartigiana;Cymolomia;Tortricidae
Cynthia cardui;Vanessa cardui;Vanessa;Nymphalidae
Dafa formosella;Callima formosella;Callima;Oecophoridae
Dahlica lichenella;Dahlica lichenella;Dahlica;Psychidae
Dahlica triquetrella;Dahlica triquetrella;Dahlica;Psychidae
Danaus chrysippus;Danaus chrysippus;Danaus;Nymphalidae
Danaus genutia;Danaus genutia;Danaus;Nymphalidae
Danaus plexippus;Danaus plexippus;Danaus;Nymphalidae
Daphnis nerii;Daphnis nerii;Daphnis;Sphingidae
Daphnis torenia;Daphnis torenia;Daphnis;Sphingidae
Darna pallivitta;Oxyplax pallivitta;Oxyplax;Limacodidae
Dasypodia cymatodes;Dasypodia cymatodes;Dasypodia;Erebidae
Dasypodia selenophora;Dasypodia selenophora;Dasypodia;Erebidae
Dasyses incrustata;Dasyses incrustata;Dasyses;Tineidae
Dasystoma salicella;Dasystoma salicella;Dasystoma;Lypusidae
Davara caricae;Davara caricae;Davara;Pyralidae
Deanolis sublimbalis;Deanolis sublimbalis;Deanolis;Crambidae
Deilephila elpenor;Deilephila elpenor;Deilephila;Sphingidae
Dendrolimus pini;Dendrolimus pini;Dendrolimus;Lasiocampidae
Dendrolimus sibiricus;Dendrolimus sibiricus;Dendrolimus;Lasiocampidae
Dendrolimus superans;Dendrolimus superans;Dendrolimus;Lasiocampidae
Depressaria apiella;Depressaria apiella;Depressaria;Depressariidae
Depressaria daucella;Depressaria apiella;Depressaria;Depressariidae
Depressaria depressana;Depressaria depressana;Depressaria;Depressariidae
Depressaria pastinacella;Depressaria discipunctella;Depressaria;Depressariidae
Depressaria radiella;Depressaria radiella;Depressaria;Depressariidae
Deudorix livia;Deudorix livia;Deudorix;Lycaenidae
Diacrotricha fasciola;Diacrotricha fasciola;Diacrotricha;Pterophoridae
Dialectica scalariella;Dialectica scalariella;Dialectica;Gracillariidae
Diaphania costata;Diaphania costata;Diaphania;Crambidae
Diaphania hyalinata;Diaphania hyalinata;Diaphania;Crambidae
Diaphania indica;Diaphania indica;Diaphania;Crambidae
Diaphania nitidalis;Cryptographis nitidalis;Cryptographis;Crambidae
Diaphania perspectalis;Cydalima perspectalis;Cydalima;Crambidae
Diastema tigris;Diastema tigris;Diastema;Noctuidae
Diatraea grandiosella;Diatraea grandiosella;Diatraea;Crambidae
Diatraea saccharalis;Diatraea saccharalis;Diatraea;Crambidae
Dichelia cedricola;Syndemis cedricola;Syndemis;Tortricidae
Dichelia histrionana;Dichelia histrionana;Dichelia;Tortricidae
Dichomeris acuminatus;Dichomeris acuminatus;Dichomeris;Gelechiidae
Dichomeris aenigmatica;Dichomeris aenigmatica;Dichomeris;Gelechiidae
Dichomeris heriguronis;Dichomeris heriguronis;Dichomeris;Gelechiidae
Dichomeris marginella;Dichomeris marginella;Dichomeris;Gelechiidae
Dichomeris picrocarpa;Dichomeris picrocarpa;Dichomeris;Gelechiidae
Dichrorampha acuminatana;Dichrorampha acuminatana;Dichrorampha;Tortricidae
Dichrorampha aeratana;Dichrorampha aeratana;Dichrorampha;Tortricidae
Dichrorampha montanana;Dichrorampha montanana;Dichrorampha;Tortricidae
Dichrorampha petiverella;Dichrorampha petiverella;Dichrorampha;Tortricidae
Dinumma deponens;Dinumma deponens;Dinumma;Erebidae
Diplopseustis perieresalis;Diplopseustis perieresalis;Diplopseustis;Crambidae
Disclisioprocta stellata;Disclisioprocta stellata;Disclisioprocta;Geometridae
Ditula angustiorana;Ditula angustiorana;Ditula;Tortricidae
Doloessa viridis;Doloessa viridis;Doloessa;Pyralidae
Druentia inscita;Druentica inscita;Druentica;Mimallonidae
Dryadaula advena;Dryadaula advena;Dryadaula;Dryadaulidae
Dryadaula pactolia;Dryadaula pactolia;Dryadaula;Dryadaulidae
Dryadaula terpsichorella;Dryadaula terpsichorella;Dryadaula;Dryadaulidae
Dryobotodes tenebrosa;Dryobotodes tenebrosa;Dryobotodes;Noctuidae
Duponchelia fovealis;Duponchelia fovealis;Duponchelia;Crambidae
Earias ansorgei;Earias ansorgei;Earias;Nolidae
Earias biplaga;Earias biplaga;Earias;Nolidae
Earias cupreoviridis;Earias cupreoviridis;Earias;Nolidae
Earias insulana;Earias insulana;Earias;Nolidae
Earias roseifera;Earias roseifera;Earias;Nolidae
Earias vernana;Earias vernana;Earias;Nolidae
Earias vittella;Earias vittella;Earias;Nolidae
Ecpyrrhorrhoe puralis;Mimudea puralis;Mimudea;Crambidae
Ectaga garcia;Ectaga garcia;Ectaga;Depressariidae
Ectoedemia heringella;Ectoedemia heringella;Ectoedemia;Nepticulidae
Ectomyelois ceratoniae;Ectomyelois ceratoniae;Ectomyelois;Pyralidae
Elachista saccharella;Elachista saccharella;Elachista;Elachistidae
Elachista synethes;Elachista synethes;Elachista;Elachistidae
Elaphria deltoides;Elaphria deltoides;Elaphria;Noctuidae
Elaphria nucicolora;Elaphria nucicolora;Elaphria;Noctuidae
Elasmopalpus lignosellus;Elasmopalpus lignosella;Elasmopalpus;Pyralidae
Elophila difflualis;Elophila difflualis;Elophila;Crambidae
Elophila manilensis;Nymphula manilensis;Nymphula;Crambidae
Elophila melagynalis;Elophila melagynalis;Elophila;Crambidae
Elophila nymphaeata;Elophila nymphaeata;Elophila;Crambidae
Elophila obliteralis;Elophila obliteralis;Elophila;Crambidae
Elophila responsalis;Elophila responsalis;Elophila;Crambidae
Emmelina devriesi;Emmelina devriesi;Emmelina;Pterophoridae
Empyreuma affinis;Empyreuma affinis;Empyreuma;Erebidae
Empyreuma pugione;Empyreuma pugione;Empyreuma;Erebidae
Enarmonia formosana;Enarmonia formosana;Enarmonia;Tortricidae
Endothenia gentianaeana;Endothenia gentianaeana;Endothenia;Tortricidae
Endothenia quadrimaculana;Endothenia quadrimaculana;Endothenia;Tortricidae
Endrosis sarcitrella;Endrosis sarcitrella;Endrosis;Oecophoridae
Ennomos alniaria;Ennomos alniaria;Ennomos;Geometridae
Eodiatraea rufescens;Diatraea rufescens;Diatraea;Crambidae
Eoreuma loftini;Eoreuma loftini;Eoreuma;Crambidae
Epermenia aequidentellus;Epermenia aequidentellus;Epermenia;Epermeniidae
Ephestia cautella;Cadra cautella;Cadra;Pyralidae
Ephestia elutella;Ephestia elutella;Ephestia;Pyralidae
Ephestia kuehniela;Ephestia kuehniella;Ephestia;Pyralidae
Ephestia kuehniella;Ephestia kuehniella;Ephestia;Pyralidae
Ephestiodes gilvescentella;Ephestiodes gilvescentella;Ephestiodes;Pyralidae
Ephestiopsis oenobarella;Ephestiopsis oenobarella;Ephestiopsis;Pyralidae
Epiblema cynosbatella;Notocelia cynosbatella;Notocelia;Tortricidae
Epiblema strenuana;Epiblema strenuana;Epiblema;Tortricidae
Epichoristodes acerbella;Epichoristodes acerbella;Epichoristodes;Tortricidae
Epidromia pannosa;Epidromia pannosa;Epidromia;Erebidae
Epimorius testaceellus;Epimorius testaceellus;Epimorius;Pyralidae
Epinotia abbreviana;Epinotia abbreviana;Epinotia;Tortricidae
Epinotia algeriensis;Epinotia algeriensis;Epinotia;Tortricidae
Epinotia cedricida;Epinotia cedricida;Epinotia;Tortricidae
Epinotia fraternana;Epinotia fraternana;Epinotia;Tortricidae
Epinotia laracana;Epinotia celtisana;Epinotia;Tortricidae
Epinotia nanana;Epinotia nanana;Epinotia;Tortricidae
Epinotia nigricana;Epinotia nigricana;Epinotia;Tortricidae
Epinotia subsequana;Epinotia subsequana;Epinotia;Tortricidae
Epiphyas postvittana;Epiphyas postvittana;Epiphyas;Tortricidae
Episimus transferrana;Episimus transferrana;Episimus;Tortricidae
Episimus unguiculus;Episimus unguiculus;Episimus;Tortricidae
Erannis defoliaria;Erannis defoliaria;Erannis;Geometridae
Eratophyes amasiella;Schiffermuelleria amasiella;Schiffermuelleria;Oecophoridae
Erechthias capnitis;Erechthias capnitis;Erechthias;Tineidae
Erechthias flavistriata;Erechthias flavistriata;Erechthias;Tineidae
Erechthias kerri;Erechthias kerri;Erechthias;Tineidae
Erechthias minuscula;Erechthias minuscula;Erechthias;Tineidae
Erechthias pelotricha;Erechthias pelotricha;Erechthias;Tineidae
Erechthias penicillata;Erechthias penicillata;Erechthias;Tineidae
Erechthias simulans;Erechthias simulans;Erechthias;Tineidae
Erechthias zebrina;Erechthias zebrina;Erechthias;Tineidae
Erinnyis ello;Erinnyis ello;Erinnyis;Sphingidae
Erionota thrax;Erionota thrax;Erionota;Hesperiidae
Erionota torus;Erionota torus;Erionota;Hesperiidae
Esperia sulphurella;Esperia sulphurella;Esperia;Oecophoridae
Estigmene acraca;Estigmene acrea;Estigmene;Erebidae
Etainia sericopeza;Etainia sericopeza;Etainia;Nepticulidae
Eteobalea intermediella;Stagmatophora intermediella;Stagmatophora;Cosmopterigidae
Eteobalea serratella;Stagmatophora serratella;Stagmatophora;Cosmopterigidae
Ethmia bipuctella;Ethmia bipunctella;Ethmia;Ethmiidae
Ethmia bipunctella;Ethmia bipunctella;Ethmia;Ethmiidae
Ethmia nigroapicella;Ethmia nigroapicella;Ethmia;Ethmiidae
Ethmia terminella;Ethmia terminella;Ethmia;Ethmiidae
Etiella zinckenella;Etiella zinckenella;Etiella;Pyralidae
Euacidalia brownsvillea;Euacidalia brownsvillea;Euacidalia;Geometridae
Eublemma accedens;Eublemma accedens;Eublemma;Noctuidae
Eublemma recta;Eublemma recta;Eublemma;Noctuidae
Eublemma scitula;Eublemma scitula;Eublemma;Noctuidae
Euchromia lethe;Euchromia lethe;Euchromia;Erebidae
Euchromius ocellea;Euchromius ocellea;Euchromius;Crambidae
Euchromius ocelleus;Euchromius ocellea;Euchromius;Crambidae
Euchrysops cnejus;Euchrysops cnejus;Euchrysops;Lycaenidae
Euclasta gigantalis;Euclasta gigantalis;Euclasta;Crambidae
Euclasta varii;Euclasta varii;Euclasta;Crambidae
Eucosma cana;Eucosma cana;Eucosma;Tortricidae
Eucosmogastra poetica;Eucosmogastra poetica;Eucosmogastra;Tortricidae
Eucosmomorpha albersana;Eucosmomorpha albersana;Eucosmomorpha;Tortricidae
Eudocima jordani;Eudocima jordani;Eudocima;Erebidae
Eudocima materna;Eudocima materna;Eudocima;Erebidae
Eudocima phalonia;Eudocima phalonia;Eudocima;Erebidae
Eudocima salaminia;Eudocima salaminia;Eudocima;Erebidae
Eudocima tyrannus;Eudocima tyrannus;Eudocima;Erebidae
Eudonia psammitis;Eudonia psammitis;Eudonia;Crambidae
Euhampsonia serratifera;Euhampsonia serratifera;Euhampsonia;Notodontidae
Eulepidotis striaepuncta;Eulepidotis striaepuncta;Eulepidotis;Erebidae
Eulithis mellinata;Eulithis mellinata;Eulithis;Geometridae
Eulithis prunata;Eulithis prunata;Eulithis;Geometridae
Eulithus mellinata;Eulithis mellinata;Eulithis;Geometridae
Eumenodora tetrachorda;Eumenodora tetrachorda;Eumenodora;Cosmopterigidae
Eumeta variegatus;Eumeta variegatus;Eumeta;Psychidae
Eumorphobotys eumorphalis;Eumorphobotys eumorphalis;Eumorphobotys;Crambidae
Eupithecia carpophagata;Eupithecia carpophagata;Eupithecia;Geometridae
Eupithecia intricata;Eupithecia intricata;Eupithecia;Geometridae
Eupithecia lariciata;Eupithecia lariciata;Eupithecia;Geometridae
Eupithecia phoeniceata;Eupithecia phoeniceata;Eupithecia;Geometridae
Eupithecia pulchellata;Eupithecia pulchellata;Eupithecia;Geometridae
Eupithecia pusillata;Eupithecia pusillata;Eupithecia;Geometridae
Eupithecia ultimaria;Eupithecia ultimaria;Eupithecia;Geometridae
Euploea core;Euploea core;Euploea;Nymphalidae
Euploea mulciber;Euploea mulciber;Euploea;Nymphalidae
Euproctis chrysorrhoea;Euproctis chrysorrhoea;Euproctis;Erebidae
Euproctis fraterna;Euproctis fraterna;Euproctis;Erebidae
Euproctis similis;Sphrageidus similis;Sphrageidus;Erebidae
Eurranthis plummistaria;Eurranthis plummistaria;Eurranthis;Geometridae
Eurrhypara hortulata;Anania hortulata;Anania;Crambidae
Euscirrhopterus poeyi;Euscirrhopterus poeyi;Euscirrhopterus;Noctuidae
Eustixia pupula;Eustixia pupula;Eustixia;Crambidae
Eutelia adulatrix;Eutelia adulatrix;Eutelia;Euteliidae
Eutorna phaulocosma;Eutorna phaulocosma;Eutorna;Depressariidae
Euzophera osseatella;Euzophera osseatella;Euzophera;Pyralidae
Euzophera pinguis;Euzophera pinguis;Euzophera;Pyralidae
Evergestis aenealis;Evergestis aenealis;Evergestis;Crambidae
Evergestis pallidata;Evergestis pallidata;Evergestis;Crambidae
Exelastis montichristi;Exelastis montichristi;Exelastis;Pterophoridae
Exelastis pumilio;Exelastis pumilio;Exelastis;Pterophoridae
Exoteleia dodecella;Exoteleia dodecella;Exoteleia;Gelechiidae
Feltia subterranea;Feltia subterranea;Feltia;Noctuidae
Fomoria septembrella;Fomoria septembrella;Fomoria;Nepticulidae
Fundella argentina;Fundella argentina;Fundella;Pyralidae
Galleria mellonella;Galleria mellonella;Galleria;Pyralidae
Galleria melonella;Galleria mellonella;Galleria;Pyralidae
Galtara extensa;Galtara extensa;Galtara;Erebidae
Garella musculana;Garella musculana;Garella;Nolidae
Garella nilotica;Garella nilotica;Garella;Nolidae
Gauna aegusalis;Gauna aegusalis;Gauna;Pyralidae
Gelechia sabinellus;Gelechia sabinellus;Gelechia;Gelechiidae
Gelechia senticetella;Gelechia senticetella;Gelechia;Gelechiidae
Glyphipterix simpliciella;Glyphipterix simpliciella;Glyphipterix;Glyphipterigidae
Glyphodes bivitralis;Glyphodes bivitralis;Glyphodes;Crambidae
Glyphodes onychinalis;Glyphodes onychinalis;Glyphodes;Crambidae
Glyphodes perspectalis;Cydalima perspectalis;Cydalima;Crambidae
Glyphodes pyloalis;Glyphodes pyloalis;Glyphodes;Crambidae
Gnathothlibus erotus;Gnathothlibus erotus;Gnathothlibus;Sphingidae
Gracilaria alysidota;Parectopa alysidota;Parectopa;Gracillariidae
Gracillaria syringella;Gracillaria syringella;Gracillaria;Gracillariidae
Graellsia isabellae;Graellsia isabellae;Graellsia;Saturniidae
Grammodes stolida;Grammodes stolida;Grammodes;Erebidae
Grapholita delineana;Grapholita delineana;Grapholita;Tortricidae
Grapholita molesta;Grapholita molesta;Grapholita;Tortricidae
Grapholita prunivora;Grapholita prunivora;Grapholita;Tortricidae
Grapholitha delineana;Grapholita delineana;Grapholita;Tortricidae
Grapholitha molesta;Grapholita molesta;Grapholita;Tortricidae
Gymnoscelis rufifasciata;Gymnoscelis rufifasciata;Gymnoscelis;Geometridae
Gypsonoma aceriana;Gypsonoma aceriana;Gypsonoma;Tortricidae
Hadena compta;Hadena compta;Hadena;Noctuidae
Hadula trifolii;Anarta trifolii;Anarta;Noctuidae
Haplochrois theae;Haplochrois theae;Haplochrois;Elachistidae
Haplotinea ditella;Haplotinea ditella;Haplotinea;Tineidae
Haplotinea insectella;Haplotinea insectella;Haplotinea;Tineidae
Haritalodes derogata;Haritalodes derogata;Haritalodes;Crambidae
Hasora badra;Hasora badra;Hasora;Hesperiidae
Hecatera dysodea;Hecatera dysodea;Hecatera;Noctuidae
Hedya nubiferana;Hedya nubiferana;Hedya;Tortricidae
Hedya salicella;Hedya salicella;Hedya;Tortricidae
Helcystogramma convolvuli;Helcystogramma convolvuli;Helcystogramma;Gelechiidae
Heliconius erato;Heliconius erato;Heliconius;Nymphalidae
Helicoverpa armigera;Helicoverpa armigera;Helicoverpa;Noctuidae
Helicoverpa assulta;Helicoverpa assulta;Helicoverpa;Noctuidae
Helicoverpa punctigera;Helicoverpa punctigera;Helicoverpa;Noctuidae
Helicoverpa titicacae;Helicoverpa titicacae;Helicoverpa;Noctuidae
Helicoverpa zea;Helicoverpa zea;Helicoverpa;Noctuidae
Heliothis armigera;Helicoverpa armigera;Helicoverpa;Noctuidae
Heliothis zea;Helicoverpa zea;Helicoverpa;Noctuidae
Heliozela catoptrias;Heliozela catoptrias;Heliozela;Heliozelidae
Hellinsia balanotes;Hellinsia balanotes;Hellinsia;Pterophoridae
Hellinsia beneficus;Hellinsia beneficus;Hellinsia;Pterophoridae
Hellula phidilealis;Hellula phidilealis;Hellula;Crambidae
Hellula undalis;Hellula undalis;Hellula;Crambidae
Hemerocampa leucostigma;Orgyia leucostigma;Orgyia;Erebidae
Hemiargus ceraunus;Hemiargus ceraunus;Hemiargus;Lycaenidae
Hemiargus ramon;Hemiargus ramon;Hemiargus;Lycaenidae
Hemithea aestivaria;Hemithea aestivaria;Hemithea;Geometridae
Heringocrania unimaculella;Heringocrania unimaculella;Heringocrania;Eriocraniidae
Herpetogramma basalis;Herpetogramma basalis;Herpetogramma;Crambidae
Herpetogramma bipunctalis;Herpetogramma bipunctalis;Herpetogramma;Crambidae
Herpetogramma licarsisalis;Herpetogramma licarsisalis;Herpetogramma;Crambidae
Herpetogramma phaeopteralis;Herpetogramma phaeopteralis;Herpetogramma;Crambidae
Hileithia decostalis;Hileithia decostalis;Hileithia;Crambidae
Hipparchia statilinus;Hipparchia statilinus;Hipparchia;Nymphalidae
Hippotion celerio;Hippotion celerio;Hippotion;Sphingidae
Hippotion rosetta;Hippotion rosetta;Hippotion;Sphingidae
Histia flabellicornis;Histia flabellicornis;Histia;Zygaenidae
Hodebertia testalis;Pyrausta testalis;Pyrausta;Crambidae
Hofmannophila pseudospretella;Hofmannophila pseudospretella;Hofmannophila;Oecophoridae
Homadaula albizziae;Homadaula anisocentra;Homadaula;Galacticidae
Homadaula anisocentra;Homadaula anisocentra;Homadaula;Galacticidae
Homeosoma stenotea;Homoeosoma stenotea;Homoeosoma;Pyralidae
Homoeographa lamceolella;Homoeographa lanceolella;Homoeographa;Pyralidae
Hyalophora cecropia;Hyalophora cecropia;Hyalophora;Saturniidae
Hyalophora euryalus;Hyalophora euryalus;Hyalophora;Saturniidae
Hyblaea puera;Hyblaea puera;Hyblaea;Hyblaeidae
Hydraecia micacea;Hydraecia micacea;Hydraecia;Noctuidae
Hylephila phyleus;Hylephila phyleus;Hylephila;Hesperiidae
Hyles euphorbiae;Hyles euphorbiae;Hyles;Sphingidae
Hyles lineata;Hyles lineata;Hyles;Sphingidae
Hymenia perspectalis;Hymenia perspectalis;Hymenia;Crambidae
Hypena laceratalis;Hypena commixtalis;Hypena;Erebidae
Hypena opulenta;Hypena opulenta;Hypena;Erebidae
Hypena subidalis;Hypena subidalis;Hypena;Erebidae
Hyphantrea cunea;Hyphantria cunea;Hyphantria;Erebidae
Hyphantria cunea;Hyphantria cunea;Hyphantria;Erebidae
Hypocala deflorata;Hypocala deflorata;Hypocala;Erebidae
Hypolimnas misippus;Hypolimnas misippus;Hypolimnas;Nymphalidae
Hyposopygia mauritialis;Hypsopygia mauritialis;Hypsopygia;Pyralidae
Hypsipyla grandella;Hypsipyla grandella;Hypsipyla;Pyralidae
Hypsopygia costalis;Hypsopygia costalis;Hypsopygia;Pyralidae
Idaea dimidiata;Idaea dimidiata;Idaea;Geometridae
Idaea inquinata;Idaea inquinata;Idaea;Geometridae
Imma mylias;Imma mylias;Imma;Immidae
Incurvaria rubiella;Incurvaria rubiella;Incurvaria;Incurvariidae
Iphiclides podalirius;Iphiclides podalirius;Iphiclides;Papilionidae
Iridopsis fragilaria;Iridopsis fragilaria;Iridopsis;Geometridae
Ischyja manlia;Ischyja manlia;Ischyja;Erebidae
Isophrictis striatella;Isophrictis striatella;Isophrictis;Gelechiidae
Isotenes miserana;Isotenes miserana;Isotenes;Tortricidae
Ithome concolorella;Periploca orichalcella;Periploca;Cosmopterigidae
Ithome lassula;Ithome lassula;Ithome;Cosmopterigidae
Junonia atlites;Junonia atlites;Junonia;Nymphalidae
Keiferia lycopersicella;Keiferia lycopersicella;Keiferia;Gelechiidae
Ketapangia leucochorda;Ketapangia leucochorda;Ketapangia;Gracillariidae
Korscheltellus lupulina;Korscheltellus lupulina;Korscheltellus;Hepialidae
Kotochalia junodi;Chaliopsis junodi;Chaliopsis;Psychidae
Ladoga camilla;Ladoga camilla;Ladoga;Nymphalidae
Lampides boeticus;Lampides boeticus;Lampides;Lycaenidae
Lampronia corticella;Incurvaria rubiella;Incurvaria;Incurvariidae
Lampronia rubiella;Incurvaria rubiella;Incurvaria;Incurvariidae
Lamprosema charesalis;Lamprosema chagosalis;Lamprosema;Crambidae
Langsdorfia franckii;Langsdorfia franckii;Langsdorfia;Cossidae
Lantanophaga pusillidactyla;Lantanophaga pusillidactylus;Lantanophaga;Pterophoridae
Lantanophaga pusillidactylus;Lantanophaga pusillidactylus;Lantanophaga;Pterophoridae
Laspeyresia milleniana;Cydia millenniana;Cydia;Tortricidae
Laspeyresia pomonella;Cydia pomonella;Cydia;Tortricidae
Lateantenna inana;Blastobasis inana;Blastobasis;Blastobasidae
Lateroligia ophiogramma;Lateroligia ophiogramma;Lateroligia;Noctuidae
Lebeda nobilis;Lebeda nobilis;Lebeda;Lasiocampidae
Lecithocera micromela;Lecithocera micromela;Lecithocera;Lecithoceridae
Lemyra rhodophilodes;Lemyra rhodophilodes;Lemyra;Erebidae
Lepidoscia heliochares;Lepidoscia heliochares;Lepidoscia;Psychidae
Lepidoscia protorna;Lepidoscia protorna;Lepidoscia;Psychidae
Lepidotarphius perornatella;Lepidotarphius perornatella;Lepidotarphius;Glyphipterigidae
Leptocneria reducta;Leptocneria reducta;Leptocneria;Erebidae
Leptocroca sanguinolenta;Leptocroca sanguinolenta;Leptocroca;Oecophoridae
Leptologia lota;Leptologia lota;Leptologia;Noctuidae
Leptosia nina;Leptosia nina;Leptosia;Pieridae
Leucania comma;Leucania comma;Leucania;Noctuidae
Leucania inconspicua;Leucania inconspicua;Leucania;Noctuidae
Leucania loreyi;Leucania loreyi;Leucania;Noctuidae
Leucania loreyimima;Leucania stenographa;Leucania;Noctuidae
Leucania opalisans;Leucania lobrega;Leucania;Noctuidae
Leucania scottii;Mythimna scottii;Mythimna;Noctuidae
Leucania stenographa;Leucania stenographa;Leucania;Noctuidae
Leucania striata;Leucania striata;Leucania;Noctuidae
Leucinodes orbonalis;Leucinodes orbonalis;Leucinodes;Crambidae
Leuciris fimbriaria;Leuciris fimbriaria;Leuciris;Geometridae
Leucoma salicis;Leucoma salicis;Leucoma;Erebidae
Leucoptera coffeella;Leucoptera coffeella;Leucoptera;Lyonetiidae
Leucoptera laburnella;Leucoptera laburnella;Leucoptera;Lyonetiidae
Leucoptera malifoliella;Leucoptera malifoliella;Leucoptera;Lyonetiidae
Leucoptera sinuella;Leucoptera sinuella;Leucoptera;Lyonetiidae
Leucoptera spartifoliella;Leucoptera spartifoliella;Leucoptera;Lyonetiidae
Lindera tessellatella;Lindera tessellatella;Lindera;Tineidae
Lineodes elcodes;Lineodes elcodes;Lineodes;Crambidae
Lineodes integra;Lineodes integra;Lineodes;Crambidae
Lineodes ochrea;Lineodes ochrea;Lineodes;Crambidae
Lioptilodes albistriolatus;Lioptilodes albistriolatus;Lioptilodes;Pterophoridae
Lipographis subosseella;Lipographis subosseella;Lipographis;Pyralidae
Lithophane leautieri;Lithophane leautieri;Lithophane;Noctuidae
Litoprosopus haitiensis;Litoprosopus haitiensis;Litoprosopus;Erebidae
Lobesia botrana;Lobesia botrana;Lobesia;Tortricidae
Lobesia euphorbiana;Lobesiodes euphorbiana;Lobesiodes;Tortricidae
Lobesiodes euphorbiana;Lobesiodes euphorbiana;Lobesiodes;Tortricidae
Lorita baccharivora;Lorita baccharivora;Lorita;Tortricidae
Lorita scarificata;Lorita scarificata;Lorita;Tortricidae
Loryma recusata;Loryma recusata;Loryma;Pyralidae
Loxomorpha flavidissimalis;Loxomorpha flavidissimalis;Loxomorpha;Crambidae
Loxostege sticticalis;Loxostege sticticalis;Loxostege;Crambidae
Loxostege stricticalis;Loxostege sticticalis;Loxostege;Crambidae
Lozotaenia cedrivora;Lozotaenia cedrivora;Lozotaenia;Tortricidae
Luthrodes pandava;Luthrodes pandava;Luthrodes;Lycaenidae
Lycomorphodes sordida;Lycomorphodes sordida;Lycomorphodes;Erebidae
Lymantria dispar;Lymantria dispar;Lymantria;Erebidae
Lymantria mathura;Lymantria mathura;Lymantria;Erebidae
Lymantria monacha;Lymantria monacha;Lymantria;Erebidae
Macaldenia palumba;Macaldenia palumba;Macaldenia;Erebidae
Macaria abydata;Macaria abydata;Macaria;Geometridae
Macaria liturata;Macaria liturata;Macaria;Geometridae
Macaria pallidata;Digrammia pallidata;Digrammia;Geometridae
Macaria wauaria;Macaria wauaria;Macaria;Geometridae
Macarostola ida;Macarostola ida;Macarostola;Gracillariidae
Macristis geminipunctalis;Macristis geminipunctalis;Macristis;Erebidae
Macroglossum pyrrhostictum;Macroglossum pyrrhosticta;Macroglossum;Sphingidae
Macrorrhinia endonephele;Macrorrhinia endonephele;Macrorrhinia;Pyralidae
Macrosaccus robiniella;Macrosaccus robiniella;Macrosaccus;Gracillariidae
Malacosoma neustria;Malacosoma neustria;Malacosoma;Lasiocampidae
Manduca quinquemaculatus;Manduca quinquemaculatus;Manduca;Sphingidae
Marasmia trapezalis;Marasmia trapezalis;Marasmia;Crambidae
Margaritia sticticalis;Loxostege sticticalis;Loxostege;Crambidae
Martyringa xeraula;Martyringa xeraula;Martyringa;Lecithoceridae
Maruca testulalis;Maruca vitrata;Maruca;Crambidae
Maruca vitrata;Maruca vitrata;Maruca;Crambidae
Megalographa biloba;Megalographa biloba;Megalographa;Noctuidae
Megalorhipida leucodactyla;Megalorhipida leucodactylus;Megalorhipida;Pterophoridae
Megalorhipida leucodactylus;Megalorhipida leucodactylus;Megalorhipida;Pterophoridae
Melipotis indomita;Melipotis indomita;Melipotis;Erebidae
Melitara dentata;Melitara dentata;Melitara;Pyralidae
Melitara junctolineella;Melitara junctolineella;Melitara;Pyralidae
Melitara prodenialis;Melitara prodenialis;Melitara;Pyralidae
Melittia oedipus;Melittia oedipus;Melittia;Sesiidae
Merophyas divulsana;Merophyas divulsana;Merophyas;Tortricidae
Mesapamea secalis;Mesapamea secalis;Mesapamea;Noctuidae
Mesophleps adustipennis;Mesophleps adustipennis;Mesophleps;Gelechiidae
Metalampra italica;Borkhausenia italica;Borkhausenia;Oecophoridae
Metathrinca tsugensis;Metathrinca tsugensis;Metathrinca;Xyloryctidae
Metzneria lappella;Metzneria lappella;Metzneria;Gelechiidae
Metzneria paucipunctella;Metzneria paucipunctella;Metzneria;Gelechiidae
Mimudea puralis;Mimudea puralis;Mimudea;Crambidae
Miresa pallivitta;Oxyplax pallivitta;Oxyplax;Limacodidae
Mirificarma eburnella;Mirificarma eburnella;Mirificarma;Gelechiidae
Mompha eloisella;Mompha eloisella;Mompha;Momphidae
Mompha epilobiella;Mompha epilobiella;Mompha;Momphidae
Mompha locupletella;Mompha locupletella;Mompha;Momphidae
Mompha raschkiella;Mompha raschkiella;Mompha;Momphidae
Mompha subbistrigella;Mompha subbistrigella;Mompha;Momphidae
Mompha terminella;Mompha terminella;Mompha;Momphidae
Mompha trithalama;Mompha trithalama;Mompha;Momphidae
Monema flavescens;Monema flavescens;Monema;Limacodidae
Monopis argillacea;Monopis argillacea;Monopis;Tineidae
Monopis crocicapitella;Monopis crocicapitella;Monopis;Tineidae
Monopis ethelella;Monopis ethelella;Monopis;Tineidae
Monopis ferruginella;Monopis obviella;Monopis;Tineidae
Monopis longella;Monopis longella;Monopis;Tineidae
Monopis meliorella;Monopis meliorella;Monopis;Tineidae
Monopis monachella;Monopis monachella;Monopis;Tineidae
Monopis obviella;Monopis obviella;Monopis;Tineidae
Moodna bisinuella;Moodna bisinuella;Moodna;Pyralidae
Morosaphycita oculiferella;Morosaphycita oculiferella;Morosaphycita;Pyralidae
Mouralia tinctoides;Mouralia tinctoides;Mouralia;Noctuidae
Musotima nitidalis;Musotima nitidalis;Musotima;Pyralidae
Musotima ochropteralis;Musotima ochropteralis;Musotima;Pyralidae
Mussidia nigrivenella;Mussidia nigrivenella;Mussidia;Pyralidae
Myrlaea marmorata;Myrlaea marmorata;Myrlaea;Pyralidae
Mythimna languida;Mythimna languida;Mythimna;Noctuidae
Mythimna loreyimima;Leucania stenographa;Leucania;Noctuidae
Mythimna separata;Mythimna separata;Mythimna;Noctuidae
Mythimna unipuncta;Mythimna unipuncta;Mythimna;Noctuidae
Nacoleia charesalis;Nacoleia charesalis;Nacoleia;Crambidae
Nacoleia octasema;Nacoleia octasema;Nacoleia;Crambidae
Nemapogon cloacella;Nemapogon cloacella;Nemapogon;Tineidae
Nemapogon granella;Nemapogon granella;Nemapogon;Tineidae
Nemapogon granellus;Nemapogon granella;Nemapogon;Tineidae
Nemapogon picarella;Nemapogon picarella;Nemapogon;Tineidae
Nemapogon variatella;Nemapogon variatella;Nemapogon;Tineidae
Neogalea sunia;Neogalea sunia;Neogalea;Noctuidae
Neoleucinodes elegantalis;Neoleucinodes elegantalis;Neoleucinodes;Crambidae
Neoleucinodes torvis;Neoleucinodes torvis;Neoleucinodes;Crambidae
Neoleucinoides torvus;Neoleucinodes torvis;Neoleucinodes;Crambidae
Neomariania rebeli;Neomariania rebeli;Neomariania;Cosmopterigidae
Neomusotima conspurcatalis;Neomusotima conspurcatalis;Neomusotima;Pyralidae
Nephopterix genistella;Nephopterix gengisella;Nephopterix;Pyralidae
Neurostrota gunniella;Neurostrota gunniella;Neurostrota;Gracillariidae
Neurothaumasia ankerella;Neurothaumasia ankerella;Neurothaumasia;Tineidae
Niditinea fuscella;Niditinea fuscella;Niditinea;Tineidae
Niphograpta albiguttalis;Niphograpta albiguttalis;Niphograpta;Crambidae
Niphonyx segregata;Niphonyx segregata;Niphonyx;Noctuidae
Noctua comes;Noctua comes;Noctua;Noctuidae
Noctua janthina;Noctua janthina;Noctua;Noctuidae
Noctua pronuba;Noctua pronuba;Noctua;Noctuidae
Nola cucullatella;Nola cucullatella;Nola;Nolidae
Nomophila noctuella;Nomophila noctuella;Nomophila;Crambidae
Notocelia cynosbatella;Notocelia cynosbatella;Notocelia;Tortricidae
Notocelia rosaecolana;Notocelia rosaecolana;Notocelia;Tortricidae
Nyctemera amicus;Nyctemera amicus;Nyctemera;Erebidae
Nymphalis californica;Nymphalis californica;Nymphalis;Nymphalidae
Nymphalis io;Aglais io;Aglais;Nymphalidae
Nymphalis urticae;Aglais urticae;Aglais;Nymphalidae
Nymphula crisonalis;Parapoynx crisonalis;Parapoynx;Crambidae
Nymphula enixalis;Elophila difflualis;Elophila;Crambidae
Nymphula manilensis;Nymphula manilensis;Nymphula;Crambidae
Obrussa sericopeza;Etainia sericopeza;Etainia;Nepticulidae
Ochsenheimeria vacculella;Ochsenheimeria vacculella;Ochsenheimeria;Ypsolophidae
Ocnerostoma piniariella;Ocnerostoma piniariella;Ocnerostoma;Yponomeutidae
Ocrasa nostralis;Ocrasa nostralis;Ocrasa;Pyralidae
Oecia oecophila;Oecia oecophila;Oecia;Autostichidae
Oecophora bractella;Oecophora bractella;Oecophora;Oecophoridae
Oegoconia caradjai;Oegoconia caradjai;Oegoconia;Autostichidae
Oegoconia deauratella;Oegoconia quadripuncta;Oegoconia;Autostichidae
Oegoconia novimundi;Oegoconia quadripuncta;Oegoconia;Autostichidae
Oegoconia quadripuncta;Oegoconia quadripuncta;Oegoconia;Autostichidae
Oiketicus kirbyi;Oiketicus kirbyi;Oiketicus;Psychidae
Oinophila v-flava;Oinophila v-flava;Oinophila;Tineidae
Oligia latruncula;Oligia latruncula;Oligia;Noctuidae
Oligia strigilis;Oligia strigilis;Oligia;Noctuidae
Oligostigma polydectalis;Oligostigma polydectalis;Oligostigma;Crambidae
Omiodes indicata;Omiodes indicata;Omiodes;Crambidae
Omphaloscelis lunosa;Anchoscelis lunosa;Anchoscelis;Noctuidae
Omphisa anastomosalis;Omphisa anastomosalis;Omphisa;Crambidae
Operophtera brumata;Operophtera brumata;Operophtera;Geometridae
Ophiusa disjungens;Ophiusa disjungens;Ophiusa;Erebidae
Ophiusa tirhaca;Ophiusa tirhaca;Ophiusa;Erebidae
Ophiusa trapezium;Ophiusa trapezium;Ophiusa;Erebidae
Opisina arenosella;Opisina arenosella;Opisina;Xyloryctidae
Opogona aurisquamosa;Opogona aurisquamosa;Opogona;Tineidae
Opogona comptella;Opogona comptella;Opogona;Tineidae
Opogona omoscopa;Opogona omoscopa;Opogona;Tineidae
Opogona purpuriella;Opogona purpuriella;Opogona;Tineidae
Opogona sacchari;Opogona sacchari;Opogona;Tineidae
Opsitycha squalidella;Opsitycha squalidella;Opsitycha;Oecophoridae
Oraesia emarginata;Oraesia emarginata;Oraesia;Erebidae
Oraesia excavata;Oraesia excavata;Oraesia;Erebidae
Orgyia antiqua;Orgyia antiqua;Orgyia;Erebidae
Orgyia thyellina;Orgyia thyellina;Orgyia;Erebidae
Orgyia turbata;Clethrogyna turbata;Clethrogyna;Erebidae
Ornativalva erubescens;Ornativalva erubescens;Ornativalva;Gelechiidae
Orphanostigma haemorrhoidalis;Salbia haemorrhoidalis;Salbia;Crambidae
Ostrinia furnacalis;Ostrinia furnacalis;Ostrinia;Crambidae
Ostrinia nubilalis;Ostrinia nubilalis;Ostrinia;Crambidae
Othreis fullonia;Eudocima phalonia;Eudocima;Erebidae
Oxyodes scrobiculata;Oxyodes scrobiculata;Oxyodes;Erebidae
Paectes arcigera;Paectes arcigera;Paectes;Euteliidae
Paectes nana;Paectes arcigera;Paectes;Euteliidae
Palpita flegia;Palpita flegia;Palpita;Crambidae
Palpita hypohomalia;Palpita hypohomalia;Palpita;Crambidae
Palpita persimilis;Palpita persimilis;Palpita;Crambidae
Palpita vitrealis;Palpita vitrealis;Palpita;Crambidae
Pandemis cerasana;Pandemis cerasana;Pandemis;Tortricidae
Pandemis heparana;Pandemis heparana;Pandemis;Tortricidae
Pandesma anysa;Pandesma anysa;Pandesma;Erebidae
Pantydia sparsa;Pantydia sparsa;Pantydia;Erebidae
Papilio demodocus;Papilio demodocus;Papilio;Papilionidae
Papilio demoleus;Papilio demoleus;Papilio;Papilionidae
Papilio helenus;Papilio helenus;Papilio;Papilionidae
Papilio polytes;Papilio polytes;Papilio;Papilionidae
Papilio xuthus;Papilio xuthus;Papilio;Papilionidae
Paracorsia repandalis;Paracorsia repandalis;Paracorsia;Crambidae
Paralipsa gularis;Paralipsa gularis;Paralipsa;Pyralidae
Paranthrene tabaniformis;Paranthrene tabaniformis;Paranthrene;Sesiidae
Parantica aglea;Parantica aglea;Parantica;Nymphalidae
Parapediasia teterrella;Parapediasia teterellus;Parapediasia;Crambidae
Parapediasia teterrellus;Parapediasia teterellus;Parapediasia;Crambidae
Parapoynx bilinealis;Parapoynx bilinealis;Parapoynx;Crambidae
Parapoynx crisonalis;Parapoynx crisonalis;Parapoynx;Crambidae
Parapoynx diminutalis;Parapoynx diminutalis;Parapoynx;Crambidae
Parapoynx fluctuosalis;Parapoynx fluctuosalis;Parapoynx;Crambidae
Parapoynx obscuralis;Parapoynx obscuralis;Parapoynx;Crambidae
Parapoynx polydectalis;Parapoynx polydectalis;Parapoynx;Crambidae
Parasa lepida;Parasa lepida;Parasa;Limacodidae
Parasa pastoralis;Parasa pastoralis;Parasa;Limacodidae
Parascotia fuliginaria;Parascotia fuliginaria;Parascotia;Erebidae
Paraswammerdamia albicapitella;Paraswammerdamia albicapitella;Paraswammerdamia;Yponomeutidae
Paraswammerdamia lutarea;Paraswammerdamia lutarea;Paraswammerdamia;Yponomeutidae
Paraswammerdamia nebulella;Paraswammerdamia lutarea;Paraswammerdamia;Yponomeutidae
Pardasena virgulana;Pardasena virgulana;Pardasena;Nolidae
Parectopa robiniella;Parectopa robiniella;Parectopa;Gracillariidae
Pareuchaetes aurata;Pareuchaetes aurata;Pareuchaetes;Erebidae
Pareuchaetes insulata;Pareuchaetes insulata;Pareuchaetes;Erebidae
Pareuchaetes pseudoinsulata;Pareuchaetes pseudoinsulata;Pareuchaetes;Erebidae
Parochmastis hilderi;Parochmastis hilderi;Parochmastis;Tineidae
Pasiphila rectangulata;Pasiphila rectangulata;Pasiphila;Geometridae
Paysandisia archon;Paysandisia archon;Paysandisia;Castniidae
Pectinophora gossypiella;Pectinophora gossypiella;Pectinophora;Gelechiidae
Pectinophora scutigera;Pectinophora fusculella;Pectinophora;Gelechiidae
Pelochrista medullana;Pelochrista medullana;Pelochrista;Tortricidae
Pempelia genistella;Pempelia genistella;Pempelia;Pyralidae
Pempelia heringi;Pempelia heringii;Pempelia;Pyralidae
Penicillaria jocosatrix;Penicillaria jocosatrix;Penicillaria;Euteliidae
Pennisetia hylaeformis;Pennisetia hylaeiformis;Pennisetia;Sesiidae
Pennisetia hylaeiformis;Pennisetia hylaeiformis;Pennisetia;Sesiidae
Pennisetia marginata;Pennisetia marginatum;Pennisetia;Sesiidae
Peribatodes perversaria;Peribatodes perversaria;Peribatodes;Geometridae
Pericyma cruegeri;Pericyma cruegeri;Pericyma;Erebidae
Peridroma saucia;Peridroma saucia;Peridroma;Noctuidae
Perileucoptera coffeella;Leucoptera coffeella;Leucoptera;Lyonetiidae
Perittia herrichiella;Perittia herrichiella;Perittia;Elachistidae
Perittia lonicerae;Perittia lonicerae;Perittia;Elachistidae
Perixera illepidaria;Perixera illepidaria;Perixera;Geometridae
Perizoma alchemillata;Perizoma alchemillata;Perizoma;Geometridae
Phalaenoides glycinae;Phalaenoides glycinae;Phalaenoides;Noctuidae
Phereocca allutella;Phereoeca allutella;Phereoeca;Tineidae
Phereoeca allutella;Phereoeca allutella;Phereoeca;Tineidae
Phereoeca praecox;Phereoeca praecox;Phereoeca;Tineidae
Philobota chionoptera;Philobota chionoptera;Philobota;Oecophoridae
Phobetron hipparchia;Phobetron hipparchia;Phobetron;Limacodidae
Phoebis agarithe;Phoebis agarithe;Phoebis;Pieridae
Phoebis orbis;Aphrissa orbis;Aphrissa;Pieridae
Phrissogonus laticostata;Phrissogonus laticostata;Phrissogonus;Geometridae
Phtheochroa pulvillana;Phtheochroa pulvillana;Phtheochroa;Tortricidae
Phthorimaea absoluta;Phthorimaea absoluta;Phthorimaea;Gelechiidae
Phthorimaea openculella;Phthorimaea operculella;Phthorimaea;Gelechiidae
Phthorimaea operculella;Phthorimaea operculella;Phthorimaea;Gelechiidae
Phyllocnistis citrella;Phyllocnistis citrella;Phyllocnistis;Gracillariidae
Phyllocnistis vitegenella;Phyllocnistis vitegenella;Phyllocnistis;Gracillariidae
Phyllocnistis vitigenella;Phyllocnistis vitegenella;Phyllocnistis;Gracillariidae
Phyllonorycter blancardella;Phyllonorycter blancardella;Phyllonorycter;Gracillariidae
Phyllonorycter emberizaepenella;Phyllonorycter emberizaepenella;Phyllonorycter;Gracillariidae
Phyllonorycter geniculella;Phyllonorycter geniculella;Phyllonorycter;Gracillariidae
Phyllonorycter issikii;Phyllonorycter issikii;Phyllonorycter;Gracillariidae
Phyllonorycter joannisi;Phyllonorycter joannisi;Phyllonorycter;Gracillariidae
Phyllonorycter leucographella;Phyllonorycter leucographella;Phyllonorycter;Gracillariidae
Phyllonorycter leucographellus;Phyllonorycter leucographella;Phyllonorycter;Gracillariidae
Phyllonorycter medicaginella;Phyllonorycter medicaginella;Phyllonorycter;Gracillariidae
Phyllonorycter mespilella;Phyllonorycter mespilella;Phyllonorycter;Gracillariidae
Phyllonorycter messaniella;Phyllonorycter messaniella;Phyllonorycter;Gracillariidae
Phyllonorycter myricae;Phyllonorycter myricae;Phyllonorycter;Gracillariidae
Phyllonorycter platani;Phyllonorycter platani;Phyllonorycter;Gracillariidae
Phyllonorycter robiniella;Macrosaccus robiniella;Macrosaccus;Gracillariidae
Physula albipunctilla;Physula albipunctilla;Physula;Erebidae
Pieris brassicae;Pieris brassicae;Pieris;Pieridae
Pieris canidia;Pieris canidia;Pieris;Pieridae
Pieris rapae;Pieris rapae;Pieris;Pieridae
Piletocera bufalis;Piletocera bufalis;Piletocera;Crambidae
Pilocrocis ramentalis;Pilocrocis ramentalis;Pilocrocis;Crambidae
Planotortrix excessana;Planotortrix excessana;Planotortrix;Tortricidae
Platyedra subcinerea;Platyedra subcinerea;Platyedra;Gelechiidae
Platynota rostrana;Platynota rostrana;Platynota;Tortricidae
Platynota stultana;Platynota stultana;Platynota;Tortricidae
Platyptilia carduidactyla;Platyptilia carduidactylus;Platyptilia;Pterophoridae
Platyptilia isodactyla;Platyptilia isodactylus;Platyptilia;Pterophoridae
Platyptilia isodactylus;Platyptilia isodactylus;Platyptilia;Pterophoridae
Plesiomorpha flaviceps;Plesiomorpha flaviceps;Plesiomorpha;Geometridae
Pleuroprucha asthenaria;Pleuroprucha asthenaria;Pleuroprucha;Geometridae
Plodia interpunctella;Plodia interpunctella;Plodia;Pyralidae
Plutella porrectella;Plutella porrectella;Plutella;Plutellidae
Plutella xylostella;Plutella xylostella;Plutella;Plutellidae
Polites sabuleti;Polites sabuleti;Polites;Hesperiidae
Polydesma boarmoides;Polydesma boarmoides;Polydesma;Erebidae
Polyommatus icarus;Polyommatus icarus;Polyommatus;Lycaenidae
Polyphagozerra coffeae;Polyphagozerra coffeae;Polyphagozerra;Cossidae
Polysoma eumetalla;Polysoma eumetalla;Polysoma;Gracillariidae
Ponometia candefacta;Acontia candefacta;Acontia;Noctuidae
Ponometia exigua;Acontia exigua;Acontia;Noctuidae
Pontia daplidice;Pontia daplidice;Pontia;Pieridae
Porphyrosela hardenbergiella;Porphyrosela hardenbergiella;Porphyrosela;Gracillariidae
Porphyrosela minuta;Porphyrosela minuta;Porphyrosela;Gracillariidae
Pracacedes atomosella;Praeacedes atomosella;Praeacedes;Tineidae
Praeacedes atomosella;Praeacedes atomosella;Praeacedes;Tineidae
Prays citri;Prays citri;Prays;Praydidae
Prays fraxinella;Prays fraxinella;Prays;Praydidae
Prays nephelomima;Prays nephelomima;Prays;Praydidae
Prays oleae;Prays oleae;Prays;Praydidae
Prays peregrina;Prays peregrina;Prays;Praydidae
Prepona laertes;Prepona laertes;Prepona;Nymphalidae
Problepsis phoebearia;Problepsis phoebearia;Problepsis;Geometridae
Promalactis suzukiella;Promalactis suzukiella;Promalactis;Oecophoridae
Pryeria sinica;Sinica sinica;Sinica;Zygaenidae
Psamatodes abydata;Macaria abydata;Macaria;Geometridae
Psara jasiusalis;Psara jasiusalis;Psara;Crambidae
Pseudaletia unipuncta;Mythimna unipuncta;Mythimna;Noctuidae
Pseudaletia unipunctata;Mythimna unipuncta;Mythimna;Noctuidae
Pseudocoremia suavis;Pseudocoremia suavis;Pseudocoremia;Geometridae
Pseudopostega zelopa;Pseudopostega zelopa;Pseudopostega;Opostegidae
Pseudopyrausta acutangulalis;Pseudopyrausta acutangulalis;Pseudopyrausta;Crambidae
Psilogramma increta;Psilogramma increta;Psilogramma;Sphingidae
Psyche casta;Psyche casta;Psyche;Psychidae
Psychoides filicivora;Psychoides filicivora;Psychoides;Tineidae
Pterolonche inspersa;Pterolonche inspersa;Pterolonche;Pterolonchidae
Ptichodis immunis;Ptichodis immunis;Ptichodis;Erebidae
Pygospila tyres;Pygospila tyres;Pygospila;Crambidae
Pyralis farinalis;Pyralis farinalis;Pyralis;Pyralidae
Pyralis manihotalis;Pyralis manihotalis;Pyralis;Pyralidae
Pyramidobela angelarum;Pyramidobela angelarum;Pyramidobela;Oecophoridae
Pyrausta inornatalis;Pyrausta inornatalis;Pyrausta;Crambidae
Pyrausta nubilalis;Ostrinia nubilalis;Ostrinia;Crambidae
Pyrausta panopealis;Pyrausta panopealis;Pyrausta;Crambidae
Pyrausta testalis;Pyrausta testalis;Pyrausta;Crambidae
Pyroderces aellotricha;Pyroderces aellotricha;Pyroderces;Cosmopterigidae
Pyroderces rileyi;Anatrachyntis rileyi;Anatrachyntis;Cosmopterigidae
Pyropteron doryliformis;Pyropteron doryliformis;Pyropteron;Sesiidae
Pyrrharctia isabella;Pyrrharctia isabella;Pyrrharctia;Erebidae
Recurvaria nanella;Recurvaria nanella;Recurvaria;Gelechiidae
Remigia conveniens;Mocis conveniens;Mocis;Erebidae
Rhectocraspeda periusalis;Rhectocraspeda periusalis;Rhectocraspeda;Crambidae
Rhizedra lutosa;Rhizedra lutosa;Rhizedra;Noctuidae
Rhopobota naevana;Rhopobota naevana;Rhopobota;Tortricidae
Rhopobota unipuntana;Rhopobota naevana;Rhopobota;Tortricidae
Rhyacionia buoliana;Rhyacionia buoliana;Rhyacionia;Tortricidae
Ribua innoxia;Ribua innoxia;Ribua;Pyralidae
Rothschildia orizaba;Rothschildia orizaba;Rothschildia;Saturniidae
Rusicada privata;Rusicada privata;Rusicada;Erebidae
Salbia haemorrhoidalis;Salbia haemorrhoidalis;Salbia;Crambidae
Samea castellalis;Samea ecclesialis;Samea;Crambidae
Samea multiplicalis;Samea multiplicalis;Samea;Crambidae
Sameodes cancellalis;Sameodes cancellalis;Sameodes;Crambidae
Samia cynthia;Samia cynthia;Samia;Saturniidae
Sarisophora leucoscia;Sarisophora leucoscia;Sarisophora;Lecithoceridae
Saturnia pyri;Saturnia pyri;Saturnia;Saturniidae
Scardia amurensis;Scardia amurensis;Scardia;Tineidae
Sceliodes cordalis;Sceliodes cordalis;Sceliodes;Crambidae
Sceliodes laisalis;Sceliodes laisalis;Sceliodes;Crambidae
Schreckensteinia festaliella;Schreckensteinia festaliella;Schreckensteinia;Schreckensteiniidae
Sciota adelphella;Sciota adelphella;Sciota;Pyralidae
Sclerocona acutella;Sclerocona acutella;Sclerocona;Crambidae
Scrobipalpa aptatella;Scrobipalpa aptatella;Scrobipalpa;Gelechiidae
Scrobipalpa atriplicella;Scrobipalpa atriplicella;Scrobipalpa;Gelechiidae
Scrobipalpa obsoletella;Scrobipalpa obsoletella;Scrobipalpa;Gelechiidae
Scrobipalpa ocellatella;Scrobipalpa ocellatella;Scrobipalpa;Gelechiidae
Scythris buszkoi;Scythris buszkoi;Scythris;Scythrididae
Scythris limbella;Scythris limbella;Scythris;Scythrididae
Scythris sinensis;Scythris sinensis;Scythris;Scythrididae
Scythropiodes issikii;Scythropiodes issikii;Scythropiodes;Peleopodidae
Sedina buettneri;Sedina buettneri;Sedina;Noctuidae
Selania leplastriana;Selania leplastriana;Selania;Tortricidae
Sericinus montela;Sericinus montela;Sericinus;Papilionidae
Serrodes mediopallens;Serrodes mediopallens;Serrodes;Erebidae
Sesamia inferens;Sesamia inferens;Sesamia;Noctuidae
Sesamia nonagrioides;Sesamia nonagrioides;Sesamia;Noctuidae
Sesamia uniformis;Sesamia uniformis;Sesamia;Noctuidae
Sesia apiformis;Sesia apiformis;Sesia;Sesiidae
Sesia siningensis;Sesia siningensis;Sesia;Sesiidae
Setomorpha rutella;Setomorpha rutella;Setomorpha;Tineidae
Sibine apicalis;Sibine apicalis;Sibine;Limacodidae
Sibine rufescens;Sibine rufescens;Sibine;Limacodidae
Sibine stimulea;Acharia stimulea;Acharia;Limacodidae
Sigilliclystis insigillata;Chloroclystis insigillata;Chloroclystis;Geometridae
Simplicia cornicalis;Simplicia cornicalis;Simplicia;Erebidae
Sinica sinica;Sinica sinica;Sinica;Zygaenidae
Sisyracera inabsconsalis;Sisyracera inabsconsalis;Sisyracera;Crambidae
Sitochroa palealis;Sitochroa palealis;Sitochroa;Crambidae
Sitotroga cerealela;Sitotroga cerealella;Sitotroga;Gelechiidae
Sitotroga cerealella;Sitotroga cerealella;Sitotroga;Gelechiidae
Sphacelodes vulneraria;Sphacelodes vulneraria;Sphacelodes;Geometridae
Sphenarches anisodactylus;Sphenarches anisodactylus;Sphenarches;Pterophoridae
Sphingonaepiopsis pumilio;Sphingonaepiopsis pumilio;Sphingonaepiopsis;Sphingidae
Sphinx pinastri;Sphinx pinastri;Sphinx;Sphingidae
Sphyrelata amotella;Sphyrelata amotella;Sphyrelata;Oecophoridae
Spilonota laricana;Spilonota laricana;Spilonota;Tortricidae
Spilonota lariciana;Spilonota laricana;Spilonota;Tortricidae
Spilonota ocellana;Spilonota ocellana;Spilonota;Tortricidae
Spodoptera cilium;Spodoptera cilium;Spodoptera;Noctuidae
Spodoptera dolichos;Spodoptera dolichos;Spodoptera;Noctuidae
Spodoptera eridania;Spodoptera eridania;Spodoptera;Noctuidae
Spodoptera exempta;Spodoptera exempta;Spodoptera;Noctuidae
Spodoptera exigua;Spodoptera exigua;Spodoptera;Noctuidae
Spodoptera frugiperda;Spodoptera frugiperda;Spodoptera;Noctuidae
Spodoptera littoralis;Spodoptera littoralis;Spodoptera;Noctuidae
Spodoptera litura;Spodoptera litura;Spodoptera;Noctuidae
Spodoptera mauritia;Spodoptera mauritia;Spodoptera;Noctuidae
Spodoptera pecten;Spodoptera pecten;Spodoptera;Noctuidae
Spoladea recurvalis;Spoladea recurvalis;Spoladea;Crambidae
Spragueia margana;Acontia margana;Acontia;Noctuidae
Spulerina isonoma;Spulerina isonoma;Spulerina;Gracillariidae
Statherotis discana;Statherotis discana;Statherotis;Tortricidae
Stathmopoda auriferella;Stathmopoda auriferella;Stathmopoda;Stathmopodidae
Stathmopoda cephalaea;Stathmopoda cephalaea;Stathmopoda;Stathmopodidae
Stathmopoda melanochra;Stathmopoda melanochra;Stathmopoda;Stathmopodidae
Stegasta bosqueella;Stegasta basqueella;Stegasta;Gelechiidae
Stegommata leptomitella;Stegommata leptomitella;Stegommata;Lyonetiidae
Stegommata sulfuratella;Stegommata sulfuratella;Stegommata;Lyonetiidae
Stenolechia bathrodyas;Stenolechia bathrodyas;Stenolechia;Gelechiidae
Stenoma catenifer;Stenoma catenifer;Stenoma;Depressariidae
Stenoptilia millieridactyla;Stenoptilia millieridactylus;Stenoptilia;Pterophoridae
Stenoptilia millieridactylus;Stenoptilia millieridactylus;Stenoptilia;Pterophoridae
Stenoptilia zophodactylus;Stenoptilia zophodactylus;Stenoptilia;Pterophoridae
Stenoptilodes brevipennis;Stenoptilodes brevipennis;Stenoptilodes;Pterophoridae
Stericta carbonalis;Stericta carbonalis;Stericta;Pyralidae
Stictoptera cucullioides;Stictoptera cucullioides;Stictoptera;Euteliidae
Stigmella anomalella;Stigmella anomalella;Stigmella;Nepticulidae
Stigmella atricapitella;Stigmella atricapitella;Stigmella;Nepticulidae
Stigmella aurella;Stigmella aurella;Stigmella;Nepticulidae
Stigmella centifoliella;Stigmella centifoliella;Stigmella;Nepticulidae
Stigmella heringella;Ectoedemia heringella;Ectoedemia;Nepticulidae
Stigmella microtheriella;Stigmella microtheriella;Stigmella;Nepticulidae
Stigmella minusculella;Stigmella minusculella;Stigmella;Nepticulidae
Stigmella multispicata;Stigmella multispicata;Stigmella;Nepticulidae
Stigmella oxyacanthella;Stigmella oxyacanthella;Stigmella;Nepticulidae
Stigmella pyri;Stigmella pyri;Stigmella;Nepticulidae
Stigmella speciosa;Stigmella speciosa;Stigmella;Nepticulidae
Stigmella suberivora;Stigmella suberivora;Stigmella;Nepticulidae
Stilpnotia salicis;Leucoma salicis;Leucoma;Erebidae
Stoeberhinus testaceus;Stoeberhinus testaceus;Stoeberhinus;Autostichidae
Stomphastis thraustica;Stomphastis thraustica;Stomphastis;Gracillariidae
Strepsicrates infensa;Strepsicrates infensa;Strepsicrates;Tortricidae
Strepsicrates macropetana;Strepsicrates macropetana;Strepsicrates;Tortricidae
Strepsicrates semicanella;Strepsicrates semicanella;Strepsicrates;Tortricidae
Strepsicrates smithiana;Strepsicrates smithiana;Strepsicrates;Tortricidae
Strymon bazochii;Strymon bazochii;Strymon;Lycaenidae
Strymon limenia;Thecla limenia;Thecla;Lycaenidae
Strymon pastor;Cyanophrys longula;Cyanophrys;Lycaenidae
Stylopalpia luniferella;Stylopalpia luniferella;Stylopalpia;Pyralidae
Stylopalpis lunigerella;Stylopalpia luniferella;Stylopalpia;Pyralidae
Suastus gremius;Suastus gremius;Suastus;Hesperiidae
Swammerdamia caesiella;Paraswammerdamia lutarea;Paraswammerdamia;Yponomeutidae
Swammerdamia lutaria;Paraswammerdamia lutarea;Paraswammerdamia;Yponomeutidae
Swammerdamia pyrella;Swammerdamia pyrella;Swammerdamia;Yponomeutidae
Symmetrischema capsica;Symmetrischema capsica;Symmetrischema;Gelechiidae
Symmetrischema costaricanum;Symmetrischema costaricanum;Symmetrischema;Gelechiidae
Symmetrischema striatella;Symmetrischema striatella;Symmetrischema;Gelechiidae
Symmetrischema tangolias;Symmetrischema tangolias;Symmetrischema;Gelechiidae
Symmoca signatella;Symmoca signatella;Symmoca;Autostichidae
Synanthedon andrenaeformis;Synanthedon andrenaeformis;Synanthedon;Sesiidae
Synanthedon bibionipennis;Synanthedon bibionipennis;Synanthedon;Sesiidae
Synanthedon exitiosa;Synanthedon exitiosa;Synanthedon;Sesiidae
Synanthedon myopaeformis;Synanthedon myopaeformis;Synanthedon;Sesiidae
Synanthedon tipuliforme;Synanthedon tipuliformis;Synanthedon;Sesiidae
Synanthedon tipuliformis;Synanthedon tipuliformis;Synanthedon;Sesiidae
Synclita obliteralis;Synclita obliteralis;Synclita;Crambidae
Syncopacma polychromella;Aproaerema polychromella;Aproaerema;Gelechiidae
Syngamia florella;Syngamia florella;Syngamia;Crambidae
Syngrapha interrogationis;Syngrapha interrogationis;Syngrapha;Noctuidae
Syntomeida epilais;Syntomeida epilais;Syntomeida;Erebidae
Tachystola acroxantha;Tachystola acroxantha;Tachystola;Oecophoridae
Tachystola hemisema;Tachystola hemisema;Tachystola;Oecophoridae
Targalla delatrix;Targalla delatrix;Targalla;Euteliidae
Tathorhynchus exsiccata;Tathorhynchus exsiccata;Tathorhynchus;Noctuidae
Tebenna micalis;Tebenna micalis;Tebenna;Choreutidae
Tecia solanivora;Tecia solanivora;Tecia;Gelechiidae
Telea polyphemus;Antheraea polyphemus;Antheraea;Saturniidae
Terastia meticulosalis;Terastia meticulosalis;Terastia;Crambidae
Thaumatotibia leucotreta;Thaumatotibia leucotreta;Thaumatotibia;Tortricidae
Thaumetopoea pityocampa;Thaumetopoea pityocampa;Thaumetopoea;Notodontidae
Thaumetopoea processionea;Thaumetopoea processionea;Thaumetopoea;Notodontidae
Thecla limenia;Thecla limenia;Thecla;Lycaenidae
Thera britannica;Thera britannica;Thera;Geometridae
Thera cupressata;Thera cupressata;Thera;Geometridae
Thera juniperata;Thera juniperata;Thera;Geometridae
Theresimima ampellophaga;Theresimima ampellophaga;Theresimima;Zygaenidae
Theretra latreillei;Theretra latreillii;Theretra;Sphingidae
Theretra nessus;Theretra nessus;Theretra;Sphingidae
Thyas coronata;Thyas coronata;Thyas;Erebidae
Thymelicus lineola;Thymelicus lineola;Thymelicus;Hesperiidae
Thymelicus sylvestris;Thymelicus sylvestris;Thymelicus;Hesperiidae
Thyrinteina arnobia;Thyrinteina arnobia;Thyrinteina;Geometridae
Thysanoplusia orichalcea;Thysanoplusia orichalcea;Thysanoplusia;Noctuidae
Tincola bisselliella;Tineola bisselliella;Tineola;Tineidae
Tinea columbariella;Tinea columbariella;Tinea;Tineidae
Tinea dubiella;Tinea dubiella;Tinea;Tineidae
Tinea flavescentella;Tinea flavescentella;Tinea;Tineidae
Tinea laricella;Coleophora laricella;Coleophora;Coleophoridae
Tinea murariella;Tinea murariella;Tinea;Tineidae
Tinea pallescentella;Tinea pallescentella;Tinea;Tineidae
Tinea pellionella;Tinea pellionella;Tinea;Tineidae
Tinea translucens;Tinea translucens;Tinea;Tineidae
Tineola bisselliella;Tineola bisselliella;Tineola;Tineidae
Tirathaba rufivena;Tirathaba rufivena;Tirathaba;Pyralidae
Tmolus echion;Tmolus echion;Tmolus;Lycaenidae
Tongeia filicaudis;Tongeia filicaudis;Tongeia;Lycaenidae
Tortilia charadritis;Tortilia charadritis;Tortilia;Stathmopodidae
Trachylepidia fructicassiella;Trachylepidia fructicassiella;Trachylepidia;Pyralidae
Trachypepla indolescens;Trachypepla indolescens;Trachypepla;Oecophoridae
Triaxomera parasitella;Triaxomera parasitella;Triaxomera;Tineidae
Trichophaga mormopis;Trichophaga mormopis;Trichophaga;Tineidae
Trichophaga tapetzella;Trichophaga tapetzella;Trichophaga;Tineidae
Trichoplusia ni;Trichoplusia ni;Trichoplusia;Noctuidae
Trichoplusia vittata;Vittaplusia vittata;Vittaplusia;Noctuidae
Trilocha varians;Trilocha varians;Trilocha;Bombycidae
Trissodoris honorariella;Trissodoris honorariella;Trissodoris;Cosmopterigidae
Tucumania tapiacola;Tucumania tapiacola;Tucumania;Pyralidae
Tuta absoluta;Phthorimaea absoluta;Phthorimaea;Gelechiidae
Typhonia beatricis;Typhonia melana;Typhonia;Psychidae
Tyria jacobaea;Tyria jacobaeae;Tyria;Erebidae
Tyria jacobaeae;Tyria jacobaeae;Tyria;Erebidae
Tyta luctuosa;Tyta luctuosa;Tyta;Erebidae
Udea rubigalis;Udea rubigalis;Udea;Crambidae
Unadilla maturella;Unadilla maturella;Unadilla;Pyralidae
Uraba lugens;Uraba lugens;Uraba;Nolidae
Uresiphita gilvata;Uresiphita polygonalis;Uresiphita;Crambidae
Uresiphita ornithopteralis;Uresiphita ornithopteralis;Uresiphita;Crambidae
Usingeriessa onyxalis;Usingeriessa onyxalis;Usingeriessa;Crambidae
Utetheisa ornatrix;Utetheisa ornatrix;Utetheisa;Erebidae
Utetheisa pulchelloides;Utetheisa pulchelloides;Utetheisa;Erebidae
Vanessa atalanta;Vanessa atalanta;Vanessa;Nymphalidae
Vanessa cardui;Vanessa cardui;Vanessa;Nymphalidae
Vanessa carye;Vanessa carye;Vanessa;Nymphalidae
Vanessa virginiensis;Vanessa virginiensis;Vanessa;Nymphalidae
Vitula biviella;Vitula biviella;Vitula;Pyralidae
Vitula edmandsii;Vitula edmandsii;Vitula;Pyralidae
Vogtia malloi;Arcola malloi;Arcola;Pyralidae
Wheeleria spilodactylus;Wheeleria spilodactylus;Wheeleria;Pterophoridae
Xestia adela;Xestia c-nigrum;Xestia;Noctuidae
Xestia c-nigrum;Xestia c-nigrum;Xestia;Noctuidae
Xestia xanthographa;Xestia xanthographa;Xestia;Noctuidae
Xubida infusellus;Xubida infusellus;Xubida;Crambidae
Xylesthia pruniramiella;Xylesthia pruniramiella;Xylesthia;Tineidae
Xystrologa grenadella;Xystrologa grenadella;Xystrologa;Tineidae
Yponomeuta cagnagella;Yponomeuta cagnagellus;Yponomeuta;Yponomeutidae
Yponomeuta cagnagellus;Yponomeuta cagnagellus;Yponomeuta;Yponomeutidae
Yponomeuta malinellus;Yponomeuta padella;Yponomeuta;Yponomeutidae
Yponomeuta padella;Yponomeuta padella;Yponomeuta;Yponomeutidae
Yponomeuta plumbella;Yponomeuta plumbella;Yponomeuta;Yponomeutidae
Ypsolopha dentella;Ypsolopha dentella;Ypsolopha;Ypsolophidae
Ypsolopha ustella;Ypsolophus ustella;Ypsolophus;Plutellidae
Zebronia phenice;Zebronia phenice;Zebronia;Crambidae
Zeiraphera diniana;Zeiraphera griseana;Zeiraphera;Tortricidae
Zeiraphera griseana;Zeiraphera griseana;Zeiraphera;Tortricidae
Zelleria oleastrella;Zelleria oleastrella;Zelleria;Yponomeutidae
Zeuzera pyrina;Zeuzera pyrina;Zeuzera;Cossidae
Zizina otis;Zizina otis;Zizina;Lycaenidae
Zizinia otis;Zizina otis;Zizina;Lycaenidae
Zizula hylax;Zizula hylax;Zizula;Lycaenidae
Zomariana doxasticana;Zomariana doxasticana;Zomariana;Tortricidae
Zophodia lucidalis;Zophodia lucidalis;Zophodia;Pyralidae
Zygaena orana;Zygaena orana;Zygaena;Zygaenidae
Aglais urticae;Aglais urticae;Aglais;Nymphalidae
Hypena commixtalis;Hypena commixtalis;Hypena;Erebidae
Stagmatophora intermediella;Stagmatophora intermediella;Stagmatophora;Cosmopterigidae
Depressaria discipunctella;Depressaria discipunctella;Depressaria;Depressariidae
Pempelia heringii;Pempelia heringii;Pempelia;Pyralidae
Agriphila vulgivagellus;Agriphila vulgivagellus;Agriphila;Crambidae
Diatraea rufescens;Diatraea rufescens;Diatraea;Crambidae
Epinotia celtisana;Epinotia celtisana;Epinotia;Tortricidae
Acontia exigua;Acontia exigua;Acontia;Noctuidae
Thecla amyntor;Thecla amyntor;Thecla;Lycaenidae
Aproaerema simplexella;Aproaerema simplexella;Aproaerema;Gelechiidae
Homoeosoma stenotea;Homoeosoma stenotea;Homoeosoma;Pyralidae
Stagmatophora serratella;Stagmatophora serratella;Stagmatophora;Cosmopterigidae
Estigmene acrea;Estigmene acrea;Estigmene;Erebidae
Vittaplusia vittata;Vittaplusia vittata;Vittaplusia;Noctuidae
Parectopa alysidota;Parectopa alysidota;Parectopa;Gracillariidae
Elasmopalpus lignosella;Elasmopalpus lignosella;Elasmopalpus;Pyralidae
Borkhausenia italica;Borkhausenia italica;Borkhausenia;Oecophoridae
Typhonia melana;Typhonia melana;Typhonia;Psychidae
Theretra latreillii;Theretra latreillii;Theretra;Sphingidae
Grapholita lathyrana;Grapholita lathyrana;Grapholita;Tortricidae
Oxyplax pallivitta;Oxyplax pallivitta;Oxyplax;Limacodidae
Zale minerea;Zale minerea;Zale;Erebidae
Blastobasis inana;Blastobasis inana;Blastobasis;Blastobasidae
Mocis conveniens;Mocis conveniens;Mocis;Erebidae
Stegasta basqueella;Stegasta basqueella;Stegasta;Gelechiidae
Chaliopsis junodi;Chaliopsis junodi;Chaliopsis;Psychidae
Hypsopygia mauritialis;Hypsopygia mauritialis;Hypsopygia;Pyralidae
Lamprosema chagosalis;Lamprosema chagosalis;Lamprosema;Crambidae
Bifascioides leucomelanella;Bifascioides leucomelanella;Bifascioides;Cosmopterigidae
Homoeographa lanceolella;Homoeographa lanceolella;Homoeographa;Pyralidae
Pennisetia marginatum;Pennisetia marginatum;Pennisetia;Sesiidae
Uresiphita polygonalis;Uresiphita polygonalis;Uresiphita;Crambidae
Cyanophrys longula;Cyanophrys longula;Cyanophrys;Lycaenidae
Acontia margana;Acontia margana;Acontia;Noctuidae
Clethrogyna turbata;Clethrogyna turbata;Clethrogyna;Erebidae
Schiffermuelleria amasiella;Schiffermuelleria amasiella;Schiffermuelleria;Oecophoridae
Sphrageidus similis;Sphrageidus similis;Sphrageidus;Erebidae
Monochroa hornigi;Monochroa hornigi;Monochroa;Gelechiidae
Pyroderces incertulella;Pyroderces incertulella;Pyroderces;Cosmopterigidae
Notioplusia illustrata;Notioplusia illustrata;Notioplusia;Noctuidae
Parapediasia teterellus;Parapediasia teterellus;Parapediasia;Crambidae
Druentica inscita;Druentica inscita;Druentica;Mimallonidae
Leucania lobrega;Leucania lobrega;Leucania;Noctuidae
Pectinophora fusculella;Pectinophora fusculella;Pectinophora;Gelechiidae
Aproaerema polychromella;Aproaerema polychromella;Aproaerema;Gelechiidae
Periploca orichalcella;Periploca orichalcella;Periploca;Cosmopterigidae
Nephopterix gengisella;Nephopterix gengisella;Nephopterix;Pyralidae
Platyptilia carduidactylus;Platyptilia carduidactylus;Platyptilia;Pterophoridae
Orgyia leucostigma;Orgyia leucostigma;Orgyia;Erebidae
Digrammia pallidata;Digrammia pallidata;Digrammia;Geometridae
Syndemis cedricola;Syndemis cedricola;Syndemis;Tortricidae
Macroglossum pyrrhosticta;Macroglossum pyrrhosticta;Macroglossum;Sphingidae
Acrolepia jaspidata;Acrolepia jaspidata;Acrolepia;Glyphipterigidae
Ypsolophus ustella;Ypsolophus ustella;Ypsolophus;Plutellidae
Samea ecclesialis;Samea ecclesialis;Samea;Crambidae
Chloantha hyperici;Chloantha hyperici;Chloantha;Noctuidae
Mythimna scottii;Mythimna scottii;Mythimna;Noctuidae
