SpeciesID,Continent,RealmID,ReferenceID
SP1113,North America,RLM9,REF684
SP1113,North America,RLM7,REF684
SP1113,South America,RLM1,REF1096
SP1,Asia,RLM11,REF1110
SP1,Europe,RLM11,REF987
SP1,Europe,RLM11,REF1110
SP1,Africa,RLM8,REF987
SP1,Asia,RLM8,REF1110
SP1,Asia,RLM10,REF987
SP2,Europe,RLM11,REF597
SP2,Europe,RLM11,REF1096
SP2,Asia,RLM11,REF1096
SP3,South America,RLM1,REF358
SP3,South America,RLM7,REF358
SP3,South America,RLM1,REF1096
SP1106,Australia,RLM2,REF287
SP1106,Oceania,RLM2,REF287
SP1106,Oceania,RLM9,REF287
SP1106,South America,RLM1,REF287
SP1106,Asia,RLM6,REF287
SP1106,North America,RLM9,REF1096
SP5,North America,RLM9,REF208
SP5,North America,RLM7,REF208
SP5,North America,RLM9,REF414
SP6,Africa,RLM3,REF193
SP6,Australia,RLM2,REF193
SP6,Africa,RLM4,REF193
SP6,North America,RLM9,REF193
SP6,South America,RLM1,REF193
SP6,Oceania,,REF193
SP6,Asia,RLM6,REF193
SP6,Europe,RLM11,REF193
SP6,North America,RLM7,REF193
SP6,South America,RLM7,REF193
SP6,Africa,RLM8,REF193
SP6,Asia,RLM10,REF193
SP6,Europe,RLM11,REF1096
SP6,Asia,RLM11,REF1096
SP6,Africa,RLM3,REF1096
SP6,Oceania,,REF1096
SP7,Australia,RLM2,REF418
SP7,Australia,RLM2,REF1096
SP8,North America,RLM9,REF396
SP8,Europe,RLM11,REF396
SP8,Asia,RLM10,REF396
SP8,Europe,RLM11,REF1096
SP9,Europe,RLM11,REF902
SP9,Europe,RLM11,REF394
SP9,Europe,RLM11,REF1096
SP10,Asia,RLM11,REF394
SP10,Europe,RLM11,REF394
SP10,Europe,RLM11,REF1096
SP10,Asia,RLM11,REF1096
SP11,Asia,RLM11,REF19
SP11,Europe,RLM11,REF19
SP11,Europe,RLM11,REF1096
SP11,Asia,RLM11,REF1096
SP12,Asia,RLM6,REF683
SP12,Asia,RLM11,REF683
SP12,Asia,RLM10,REF683
SP12,Asia,RLM11,REF1096
SP12,Asia,RLM6,REF1096
SP13,Asia,RLM11,REF19
SP13,Europe,RLM11,REF19
SP13,Africa,RLM8,REF19
SP13,Asia,RLM8,REF19
SP13,Asia,RLM10,REF19
SP13,Europe,RLM11,REF1096
SP13,Asia,RLM11,REF1096
SP1114,North America,RLM9,REF1227
SP1114,South America,RLM1,REF1096
SP14,North America,RLM9,REF1037
SP14,North America,RLM9,REF1096
SP15,Australia,RLM2,REF429
SP15,Asia,RLM6,REF429
SP15,Asia,RLM6,REF957
SP1307,South America,RLM1,REF954
SP1307,North America,RLM9,REF1002
SP1307,North America,RLM7,REF1002
SP1307,South America,RLM7,REF1002
SP1307,South America,RLM1,REF1002
SP1309,North America,RLM9,REF954
SP1309,South America,RLM1,REF954
SP1309,North America,RLM7,REF1002
SP1309,South America,RLM1,REF1002
SP1309,North America,RLM9,REF1002
SP1309,South America,RLM7,REF1002
SP17,Asia,RLM6,REF119
SP17,Asia,RLM6,
SP18,Europe,RLM11,REF112
SP18,Europe,RLM11,REF1096
SP19,Australia,RLM2,REF493
SP19,Australia,RLM2,REF1096
SP1074,Europe,RLM11,REF652
SP1295,South America,RLM1,REF370
SP1115,Asia,RLM11,REF652
SP1115,Asia,RLM10,REF652
SP1115,Europe,RLM11,REF1096
SP23,Asia,RLM6,REF183
SP23,Asia,RLM6,REF189
SP23,Asia,RLM11,REF183
SP23,Asia,RLM8,REF183
SP23,Asia,RLM10,REF183
SP23,Asia,RLM10,REF189
SP25,Asia,RLM6,REF682
SP25,Asia,RLM10,REF682
SP26,Europe,RLM11,REF1087
SP26,Africa,RLM8,REF1087
SP27,North America,RLM9,REF394
SP27,Asia,RLM11,REF394
SP27,Europe,RLM11,REF394
SP28,Europe,RLM11,REF1096
SP29,Asia,RLM6,REF957
SP29,Asia,RLM11,REF957
SP29,Asia,RLM10,REF957
SP29,Asia,RLM11,REF1096
SP29,Asia,RLM6,REF1096
SP30,North America,RLM9,REF867
SP30,South America,RLM1,REF867
SP30,South America,RLM7,REF867
SP30,North America,RLM9,REF1096
SP30,South America,RLM1,REF1096
SP1075,Europe,RLM11,REF816
SP1075,Asia,RLM11,REF816
SP31,South America,RLM1,REF68
SP31,North America,RLM7,REF68
SP31,South America,RLM1,REF1096
SP32,Europe,RLM11,REF957
SP32,Africa,RLM8,REF957
SP32,Europe,RLM11,REF1096
SP34,Europe,RLM11,REF1096
SP34,Asia,RLM11,REF1096
SP34,Asia,RLM6,REF1096
SP35,Europe,RLM11,REF1096
SP35,Asia,RLM11,REF1096
SP35,Africa,RLM3,REF1096
SP37,Europe,RLM11,REF733
SP38,Europe,RLM11,REF1223
SP38,Asia,RLM11,REF1223
SP39,Europe,RLM11,REF1096
SP41,Europe,RLM11,REF1002
SP42,Europe,RLM11,REF544
SP43,Europe,RLM11,REF1096
SP44,Europe,RLM11,REF487
SP44,Europe,RLM11,REF1096
SP45,North America,RLM9,REF1228
SP45,Oceania,,REF1228
SP45,Europe,RLM11,REF1228
SP45,Oceania,,REF1096
SP46,North America,RLM9,REF190
SP46,Oceania,,REF190
SP47,North America,RLM9,REF701
SP47,Oceania,RLM9,REF701
SP47,South America,RLM1,REF701
SP47,North America,RLM9,REF1096
SP49,Africa,RLM3,REF1167
SP49,Oceania,,REF1167
SP49,Asia,RLM6,REF1167
SP49,Europe,RLM11,REF1167
SP49,Africa,RLM8,REF1167
SP49,Asia,RLM10,REF1167
SP49,Europe,RLM11,REF1096
SP49,Asia,RLM11,REF1096
SP49,Asia,RLM6,REF1096
SP49,Africa,RLM3,REF1096
SP52,Australia,RLM2,REF1001
SP52,Oceania,RLM2,REF1001
SP52,North America,RLM9,REF1001
SP52,Oceania,RLM9,REF1001
SP52,South America,RLM1,REF1001
SP52,Oceania,,REF1001
SP52,Asia,RLM6,REF1001
SP52,Asia,RLM11,REF1001
SP52,Europe,RLM11,REF1001
SP52,North America,RLM7,REF1001
SP52,Africa,RLM8,REF1001
SP52,Asia,RLM8,REF1001
SP52,Asia,RLM10,REF1001
SP52,North America,RLM9,REF1096
SP53,Asia,RLM11,REF314
SP53,Europe,RLM11,REF314
SP53,Africa,RLM8,REF314
SP53,Europe,RLM11,REF1096
SP53,Asia,RLM11,REF1096
SP53,Africa,RLM3,REF1096
SP1119,Oceania,,REF1096
SP1120,North America,RLM9,REF1227
SP1120,North America,RLM7,REF1227
SP1120,South America,RLM1,REF1096
SP55,Europe,RLM11,REF1096
SP56,North America,RLM9,REF291
SP56,South America,RLM1,REF291
SP56,North America,RLM9,REF1096
SP1121,Africa,RLM3,REF69
SP1121,North America,RLM9,REF887
SP1121,South America,RLM1,REF887
SP1121,Oceania,,REF69
SP1121,Asia,RLM6,REF69
SP1121,North America,RLM7,REF887
SP1121,Asia,RLM6,REF1096
SP1121,Africa,RLM3,REF1096
SP1121,Australia,RLM2,REF1096
SP1122,Australia,RLM2,REF515
SP1122,Oceania,,REF515
SP1122,Asia,RLM6,REF515
SP1122,Asia,RLM6,REF1225
SP57,South America,RLM1,
SP57,South America,RLM1,REF1096
SP58,Asia,RLM11,REF515
SP58,Europe,RLM11,REF515
SP58,Europe,RLM11,REF1096
SP60,Asia,RLM11,REF1198
SP60,Europe,RLM11,REF1198
SP60,Asia,RLM10,REF1198
SP60,Europe,RLM11,REF1096
SP60,Asia,RLM11,REF1096
SP61,Europe,RLM11,REF1096
SP1126,North America,RLM9,REF1225
SP62,North America,RLM9,REF1002
SP62,South America,RLM1,REF1002
SP62,Asia,RLM11,REF1002
SP62,Europe,RLM11,REF1002
SP62,North America,RLM7,REF1002
SP62,South America,RLM7,REF1002
SP64,North America,RLM9,REF874
SP64,South America,RLM1,REF874
SP64,North America,RLM7,REF874
SP64,South America,RLM7,REF874
SP65,North America,RLM9,REF1164
SP65,South America,RLM1,REF1096
SP66,North America,RLM9,REF240
SP66,North America,RLM9,REF528
SP66,North America,RLM9,REF1096
SP67,Africa,RLM3,REF152
SP67,Australia,RLM2,REF152
SP67,Europe,RLM11,REF152
SP67,Africa,RLM3,REF1096
SP68,Asia,RLM6,REF957
SP68,Asia,RLM11,REF957
SP68,Asia,RLM10,REF957
SP68,Asia,RLM6,REF1096
SP1077,Europe,RLM11,REF952
SP1077,Africa,RLM8,REF952
SP69,North America,RLM9,REF394
SP69,Asia,RLM11,REF394
SP69,Europe,RLM11,REF394
SP70,North America,RLM9,REF72
SP70,South America,RLM1,REF72
SP70,North America,RLM7,REF72
SP70,South America,RLM7,REF72
SP70,South America,RLM1,REF1096
SP72,Oceania,RLM2,REF120
SP72,Oceania,,REF1096
SP73,South America,RLM1,REF1138
SP73,South America,RLM7,REF1138
SP73,South America,RLM1,REF1096
SP74,North America,RLM9,REF427
SP74,South America,RLM1,REF427
SP74,North America,RLM7,REF427
SP74,North America,RLM9,REF539
SP75,Africa,RLM3,REF628
SP75,Africa,RLM4,REF628
SP75,Oceania,,REF628
SP75,Asia,RLM6,REF628
SP75,Asia,RLM6,REF1096
SP77,North America,RLM9,REF358
SP77,South America,RLM1,REF1096
SP78,Australia,RLM2,REF614
SP78,Oceania,,REF614
SP78,Asia,RLM6,REF614
SP78,Asia,RLM11,REF614
SP78,Europe,RLM11,REF614
SP78,Asia,RLM10,REF614
SP78,Asia,RLM11,REF1096
SP78,Asia,RLM6,REF1096
SP79,Africa,RLM3,REF626
SP79,Africa,RLM8,REF577
SP79,Africa,RLM3,REF577
SP79,Asia,RLM6,REF577
SP1129,North America,RLM9,REF388
SP80,Asia,RLM6,REF863
SP80,Asia,RLM10,REF863
SP81,Asia,RLM10,REF674
SP81,Asia,RLM11,REF1096
SP81,Asia,RLM6,REF1096
SP82,North America,RLM9,REF1145
SP82,Oceania,RLM9,REF1145
SP83,Asia,RLM6,REF802
SP83,Asia,RLM11,REF802
SP83,Asia,RLM10,REF802
SP83,Asia,RLM10,REF641
SP83,Asia,RLM11,REF1096
SP83,Asia,RLM6,REF1096
SP84,Europe,RLM11,REF139
SP84,Asia,RLM6,REF139
SP84,Asia,RLM10,REF139
SP84,Asia,RLM8,REF139
SP84,Asia,RLM11,REF139
SP85,Africa,RLM8,REF253
SP85,Asia,RLM11,REF253
SP85,Europe,RLM11,REF253
SP85,Asia,RLM8,REF253
SP85,Asia,RLM10,REF253
SP1131,South America,RLM1,REF981
SP1131,South America,RLM1,REF772
SP1131,South America,RLM1,REF1096
SP86,North America,RLM9,REF1099
SP86,South America,RLM1,REF1099
SP86,North America,RLM7,REF1099
SP86,South America,RLM7,REF1099
SP86,South America,RLM1,REF1096
SP87,South America,RLM1,REF383
SP87,South America,RLM7,REF383
SP88,South America,RLM1,REF348
SP88,South America,RLM1,REF830
SP89,South America,RLM1,REF981
SP89,North America,RLM7,REF981
SP89,North America,RLM1,REF348
SP89,South America,RLM1,REF957
SP89,South America,RLM7,REF957
SP90,Africa,RLM3,REF976
SP90,Asia,RLM6,REF975
SP90,Asia,RLM6,REF1096
SP90,Africa,RLM3,REF1096
SP91,North America,RLM9,REF1115
SP91,North America,RLM9,REF1096
SP92,North America,RLM9,REF479
SP92,South America,RLM1,REF479
SP92,North America,RLM7,REF479
SP92,South America,RLM1,REF1096
SP93,Europe,RLM11,REF536
SP93,Asia,RLM11,REF536
SP94,Asia,RLM6,REF437
SP94,Europe,RLM11,REF431
SP94,Asia,RLM8,REF437
SP94,Asia,RLM10,REF275
SP94,Asia,RLM11,REF431
SP95,Europe,RLM11,REF1096
SP96,Asia,RLM6,REF771
SP100,Europe,RLM11,REF1096
SP101,North America,RLM7,REF1154
SP101,South America,RLM1,REF1096
SP102,Europe,RLM11,REF113
SP102,Africa,RLM8,REF113
SP102,Europe,RLM11,REF1096
SP103,North America,RLM9,REF465
SP103,Asia,RLM11,REF465
SP103,Europe,RLM11,REF465
SP103,Europe,RLM11,REF1096
SP103,Asia,RLM11,REF1096
SP104,Asia,RLM11,REF152
SP104,Europe,RLM11,REF957
SP104,Africa,RLM8,REF957
SP104,Asia,RLM8,REF152
SP104,Europe,RLM11,REF1096
SP105,Asia,RLM11,REF25
SP105,Asia,RLM11,REF70
SP105,Europe,RLM11,REF70
SP105,Africa,RLM8,REF25
SP105,Asia,RLM8,REF25
SP105,Asia,RLM8,REF70
SP106,Asia,RLM6,REF14
SP106,Asia,RLM6,REF1131
SP106,Asia,RLM6,REF456
SP106,Asia,RLM6,REF1096
SP107,Asia,RLM6,REF995
SP107,Asia,RLM8,REF995
SP107,Asia,RLM10,REF995
SP1336,Africa,RLM3,REF571
SP1336,Africa,RLM3,REF584
SP1336,Asia,RLM6,REF584
SP1336,Asia,RLM11,REF571
SP1336,Asia,RLM11,REF584
SP1336,Europe,RLM11,REF584
SP1336,Europe,RLM11,REF571
SP1336,Africa,RLM8,REF584
SP1336,Asia,RLM8,REF584
SP1336,Asia,RLM10,REF571
SP1286,Australia,RLM2,REF146
SP1286,Australia,RLM2,REF147
SP110,Europe,RLM11,REF1096
SP112,Africa,RLM3,REF347
SP112,Asia,RLM11,REF347
SP112,Europe,RLM11,REF347
SP112,Africa,RLM8,REF347
SP112,Asia,RLM8,REF347
SP112,Africa,RLM3,REF1096
SP113,Asia,RLM11,REF152
SP113,Europe,RLM11,REF152
SP113,Asia,RLM10,REF152
SP113,Asia,RLM11,REF1096
SP114,Asia,RLM11,REF105
SP114,Europe,RLM11,REF105
SP114,Asia,RLM11,REF1096
SP115,Europe,RLM11,REF1096
SP116,Europe,RLM11,REF1096
SP117,Asia,RLM11,REF152
SP117,Asia,RLM11,REF505
SP117,Europe,RLM11,REF152
SP117,Europe,RLM11,REF505
SP117,Africa,RLM8,REF152
SP117,Africa,RLM8,REF505
SP117,Asia,RLM8,REF152
SP117,Asia,RLM8,REF505
SP117,Asia,RLM10,REF152
SP117,Asia,RLM10,REF505
SP117,Europe,RLM11,REF1096
SP117,Asia,RLM11,REF1096
SP119,South America,RLM1,REF1166
SP119,South America,RLM7,REF1166
SP120,Asia,RLM6,REF17
SP120,Asia,RLM11,REF17
SP120,Europe,RLM11,REF334
SP120,Africa,RLM8,REF17
SP120,Africa,RLM8,REF334
SP120,Asia,RLM8,REF17
SP120,Asia,RLM8,REF334
SP120,Africa,RLM3,REF334
SP121,Asia,RLM11,REF578
SP121,Europe,RLM11,REF578
SP121,Europe,RLM11,REF1096
SP122,North America,RLM9,REF7
SP122,North America,RLM9,REF1096
SP123,Europe,RLM11,REF780
SP123,Europe,RLM11,REF957
SP123,Asia,RLM10,REF780
SP123,Asia,RLM11,REF594
SP124,Asia,RLM11,REF152
SP124,Europe,RLM11,REF152
SP124,Asia,RLM8,REF152
SP124,Europe,RLM11,REF1096
SP125,North America,RLM9,REF613
SP125,North America,RLM9,REF1096
SP126,Europe,RLM11,REF613
SP126,Europe,RLM11,REF1096
SP127,South America,RLM7,REF651
SP127,South America,RLM1,REF651
SP128,North America,RLM7,REF651
SP128,South America,RLM1,REF651
SP128,North America,RLM9,REF651
SP128,South America,RLM7,REF651
SP1132,North America,RLM9,REF997
SP1132,South America,RLM1,REF299
SP1132,North America,RLM7,REF997
SP1132,South America,RLM7,REF299
SP129,Asia,RLM6,REF665
SP129,Asia,RLM6,REF1096
SP130,Australia,RLM2,REF412
SP130,Australia,RLM2,REF1096
SP131,North America,RLM9,REF270
SP131,North America,RLM9,REF1096
SP133,Australia,RLM2,REF493
SP133,Australia,RLM2,REF1096
SP134,Asia,RLM6,REF702
SP134,Asia,RLM10,REF702
SP134,Asia,RLM11,REF1096
SP135,North America,RLM9,REF302
SP135,South America,RLM1,REF302
SP135,North America,RLM7,REF302
SP135,South America,RLM7,REF302
SP135,North America,RLM9,REF1096
SP136,Africa,RLM3,REF622
SP136,Asia,RLM6,REF622
SP136,Asia,RLM11,REF622
SP136,Europe,RLM11,REF622
SP136,Africa,RLM8,REF622
SP136,Africa,RLM8,REF417
SP136,Asia,RLM8,REF622
SP136,Africa,RLM3,REF1096
SP137,South America,RLM1,REF650
SP137,North America,RLM7,REF650
SP137,South America,RLM1,REF1096
SP139,Asia,RLM6,REF490
SP139,Asia,RLM10,REF490
SP139,Asia,RLM11,REF1096
SP1133,Australia,RLM2,REF49
SP1133,Oceania,,REF49
SP1133,Oceania,RLM9,REF49
SP140,Australia,RLM2,REF948
SP140,Australia,RLM2,REF1096
SP1136,Australia,RLM2,REF545
SP1136,Oceania,,REF545
SP1136,Asia,RLM6,REF545
SP1136,Asia,RLM10,REF545
SP1136,Oceania,,REF1096
SP141,Europe,RLM11,REF94
SP142,Europe,RLM11,REF94
SP142,Asia,RLM11,REF94
SP143,Asia,RLM11,REF94
SP143,Asia,RLM8,REF94
SP143,Europe,RLM11,REF1096
SP144,North America,RLM7,REF133
SP144,South America,RLM7,REF133
SP146,Asia,RLM11,REF593
SP146,Asia,RLM10,REF593
SP146,Asia,RLM11,REF1096
SP147,Asia,RLM6,REF850
SP147,Asia,RLM11,REF850
SP147,Europe,RLM11,REF850
SP147,Asia,RLM10,REF850
SP1139,Oceania,,REF1228
SP1139,Asia,RLM6,REF1228
SP1139,Australia,RLM2,REF1096
SP1139,Oceania,,REF1096
SP148,North America,RLM9,REF79
SP148,South America,RLM1,REF79
SP148,South America,RLM1,REF68
SP148,North America,RLM7,REF68
SP148,North America,RLM7,REF924
SP148,North America,RLM7,REF79
SP148,South America,RLM7,REF79
SP149,Africa,RLM3,REF266
SP149,North America,RLM9,REF929
SP149,South America,RLM1,REF929
SP149,North America,RLM7,REF929
SP149,South America,RLM1,REF1096
SP1141,Australia,RLM2,REF1020
SP1141,North America,RLM9,REF1020
SP1141,Oceania,,REF1020
SP1141,Asia,RLM6,REF1020
SP1141,Asia,RLM11,REF1020
SP1141,Europe,RLM11,REF1020
SP1141,Africa,RLM8,REF1020
SP1141,Asia,RLM8,REF1020
SP1141,Asia,RLM10,REF1020
SP1141,Europe,RLM11,REF1096
SP150,North America,RLM9,REF342
SP150,South America,RLM1,REF342
SP150,North America,RLM7,REF342
SP150,South America,RLM1,REF1096
SP151,Australia,RLM2,REF748
SP151,Australia,RLM2,REF1096
SP152,Australia,RLM2,REF202
SP152,Australia,RLM2,REF1096
SP153,Australia,RLM2,REF493
SP153,Australia,RLM2,REF1096
SP154,Australia,RLM2,REF1179
SP154,Australia,RLM2,REF1096
SP155,Australia,RLM2,REF1179
SP155,Australia,RLM2,REF1096
SP156,Australia,RLM2,REF1179
SP156,Australia,RLM2,REF1096
SP157,Asia,RLM11,REF795
SP157,Europe,RLM11,REF795
SP157,Europe,RLM11,REF1096
SP158,Africa,RLM3,REF161
SP158,Asia,RLM6,REF161
SP158,Asia,RLM11,REF161
SP158,Africa,RLM8,REF161
SP158,Asia,RLM8,REF161
SP159,North America,RLM9,REF501
SP159,North America,RLM9,REF1096
SP160,Europe,RLM11,REF1002
SP161,Oceania,RLM9,REF1227
SP161,Asia,RLM11,REF1096
SP161,Asia,RLM6,REF1096
SP161,Australia,RLM2,REF1096
SP161,Oceania,,REF1096
SP162,Asia,RLM11,REF1096
SP163,North America,RLM7,REF358
SP163,South America,RLM1,REF1096
SP1297,Africa,RLM3,REF622
SP1297,Africa,RLM8,REF622
SP1297,Africa,RLM3,REF1096
SP165,Australia,RLM2,REF147
SP165,Asia,RLM6,REF995
SP165,Asia,RLM8,REF995
SP165,Asia,RLM10,REF995
SP165,Africa,RLM3,REF1096
SP166,Europe,RLM11,REF252
SP166,Africa,RLM3,REF1096
SP167,Europe,RLM11,REF585
SP167,Africa,RLM3,REF1096
SP168,North America,RLM9,REF6
SP168,North America,RLM9,REF1096
SP1326,Oceania,,REF1228
SP1326,Asia,RLM6,REF1228
SP1326,Asia,RLM6,REF1096
SP1326,Oceania,,REF1096
SP169,Europe,RLM11,REF585
SP169,Africa,RLM3,REF1096
SP170,Africa,RLM8,REF585
SP170,Europe,RLM11,REF585
SP170,Europe,RLM11,REF1096
SP171,Africa,RLM8,REF585
SP171,Europe,RLM11,REF585
SP171,Africa,RLM3,REF1096
SP172,Europe,RLM11,REF585
SP172,Africa,RLM3,REF1096
SP173,Australia,RLM2,REF880
SP173,Australia,RLM2,REF1096
SP174,Europe,RLM11,REF585
SP175,Europe,RLM11,REF1002
SP175,Asia,RLM11,REF1002
SP176,North America,RLM7,REF271
SP176,South America,RLM1,REF1096
SP177,Australia,RLM2,REF493
SP177,Australia,RLM2,REF1096
SP1143,Oceania,,REF1225
SP1143,Asia,RLM6,REF1225
SP1143,Asia,RLM10,REF1225
SP1143,Oceania,RLM2,REF1225
SP1143,Oceania,RLM9,REF1225
SP1143,Europe,RLM11,REF1096
SP1143,Asia,RLM11,REF1096
SP1143,Africa,RLM3,REF1096
SP1143,Australia,RLM2,REF1096
SP178,Europe,RLM11,REF1002
SP178,Asia,RLM11,REF1038
SP179,Asia,RLM11,REF1096
SP180,Australia,RLM2,REF537
SP180,Oceania,,REF537
SP180,Asia,RLM6,REF537
SP180,Asia,,REF537
SP180,Asia,RLM6,REF1096
SP180,Australia,RLM2,REF1096
SP181,Europe,RLM11,
SP182,North America,RLM9,REF683
SP182,North America,RLM9,REF1096
SP1144,Asia,RLM6,REF1159
SP1144,Oceania,,REF1096
SP183,Asia,RLM11,REF678
SP183,Europe,RLM11,REF678
SP183,Asia,RLM8,REF678
SP183,Europe,RLM11,REF1096
SP183,Asia,RLM11,REF1096
SP184,North America,RLM9,REF154
SP184,South America,RLM1,REF154
SP184,North America,RLM7,REF154
SP184,South America,RLM7,REF154
SP184,North America,RLM9,REF1096
SP185,North America,RLM9,REF1113
SP186,Europe,RLM11,REF683
SP186,Africa,RLM3,REF1096
SP187,North America,RLM9,REF269
SP187,North America,RLM9,REF1096
SP188,North America,RLM9,REF729
SP188,South America,RLM1,REF1096
SP1145,North America,RLM9,REF442
SP1145,South America,RLM1,REF442
SP1145,North America,RLM9,REF1096
SP189,Europe,RLM11,REF66
SP189,Europe,RLM11,REF1096
SP1146,South America,RLM1,REF134
SP1146,North America,RLM7,REF134
SP1146,South America,RLM7,REF134
SP191,Europe,RLM11,REF957
SP191,Africa,RLM8,REF957
SP191,Europe,RLM11,REF1096
SP192,South America,RLM1,REF152
SP192,South America,RLM1,REF1096
SP194,Africa,RLM3,REF915
SP194,Australia,RLM2,REF915
SP194,Africa,RLM3,REF1096
SP195,Europe,RLM11,REF906
SP195,Africa,RLM8,REF906
SP196,Europe,RLM11,REF15
SP197,Asia,RLM11,REF1096
SP197,Africa,RLM3,REF1096
SP198,North America,RLM9,REF205
SP1080,Europe,RLM11,REF1002
SP1080,Asia,RLM11,REF1002
SP199,North America,RLM9,REF182
SP199,South America,RLM1,REF182
SP199,North America,RLM7,REF182
SP199,South America,RLM7,REF182
SP200,North America,RLM7,REF68
SP200,North America,RLM7,REF358
SP200,South America,RLM1,REF1096
SP201,Africa,RLM3,REF248
SP201,Australia,RLM2,REF248
SP201,Africa,RLM4,REF248
SP201,Oceania,,REF248
SP201,Asia,RLM6,REF248
SP201,Africa,RLM8,REF683
SP201,Asia,RLM8,REF248
SP201,Asia,RLM10,REF248
SP201,Asia,RLM6,REF1096
SP201,Africa,RLM3,REF1096
SP201,Australia,RLM2,REF1096
SP201,Oceania,,REF1096
SP202,Europe,RLM11,REF1096
SP204,Asia,RLM11,REF1046
SP204,Asia,RLM10,REF1046
SP204,Asia,RLM11,REF1096
SP1147,Africa,RLM3,REF249
SP1147,Africa,RLM8,REF249
SP1147,Asia,RLM11,REF249
SP1147,Europe,RLM11,REF249
SP1147,Asia,RLM8,REF249
SP1147,Europe,RLM11,REF1096
SP1148,Oceania,,REF1096
SP205,Europe,RLM11,REF1096
SP206,Asia,RLM11,REF249
SP206,Europe,RLM11,REF683
SP206,Europe,RLM11,REF761
SP206,Asia,RLM8,REF249
SP208,Asia,RLM6,REF1100
SP208,Asia,RLM10,REF1100
SP208,Asia,RLM11,REF1096
SP209,North America,RLM9,REF1211
SP209,South America,RLM1,REF1211
SP209,North America,RLM7,REF1211
SP209,South America,RLM1,REF1096
SP210,North America,RLM9,REF123
SP211,Europe,RLM11,REF152
SP211,Europe,RLM11,REF1096
SP212,South America,RLM1,REF951
SP212,South America,RLM1,REF195
SP212,North America,RLM7,REF11
SP212,North America,RLM7,REF756
SP212,South America,RLM7,REF951
SP212,South America,RLM7,REF756
SP212,North America,RLM9,REF756
SP213,Australia,RLM2,
SP213,Australia,RLM2,REF87
SP213,Australia,RLM2,REF1096
SP214,Africa,RLM3,REF248
SP214,Asia,RLM6,REF248
SP214,Asia,RLM11,REF248
SP214,Europe,RLM11,REF248
SP214,Africa,RLM8,REF248
SP214,Asia,RLM8,REF248
SP214,Europe,RLM11,REF1096
SP214,Asia,RLM11,REF1096
SP215,Asia,RLM11,REF256
SP215,Europe,RLM11,REF256
SP215,Africa,RLM8,REF256
SP215,Europe,RLM11,REF1096
SP216,Asia,RLM11,REF609
SP216,Europe,RLM11,REF219
SP216,Europe,RLM11,REF1096
SP217,Europe,RLM11,REF749
SP217,Europe,RLM11,REF1096
SP218,North America,RLM9,REF852
SP218,North America,RLM7,REF852
SP218,South America,RLM1,REF1096
SP219,Europe,RLM11,REF571
SP219,Asia,RLM11,REF571
SP220,Australia,RLM2,REF413
SP220,Australia,RLM2,REF1096
SP221,Australia,RLM2,
SP221,Australia,RLM2,REF1096
SP222,Asia,RLM10,REF152
SP222,Asia,RLM6,REF152
SP222,Asia,RLM11,REF152
SP223,Asia,RLM11,REF546
SP223,Europe,RLM11,REF546
SP223,Europe,RLM11,REF1096
SP224,Australia,RLM2,REF116
SP224,Oceania,,REF116
SP224,Asia,RLM6,REF116
SP224,Asia,RLM10,REF116
SP225,Australia,RLM2,
SP225,Australia,RLM2,REF1179
SP225,Australia,RLM2,REF1096
SP226,Europe,RLM11,REF783
SP226,Europe,RLM11,REF1096
SP227,Asia,RLM6,REF526
SP227,Australia,RLM2,REF526
SP1333,Africa,RLM3,REF45
SP1333,Africa,RLM3,REF108
SP1333,Africa,RLM8,REF108
SP228,Europe,RLM11,REF1081
SP228,Asia,RLM11,REF1081
SP230,Europe,RLM11,REF966
SP230,Africa,RLM8,REF966
SP233,Africa,RLM3,REF248
SP233,Asia,RLM11,REF248
SP233,Europe,RLM11,REF248
SP233,Africa,RLM8,REF248
SP233,Asia,RLM8,REF248
SP234,Asia,RLM6,REF459
SP234,Asia,RLM8,REF459
SP234,Asia,RLM10,REF459
SP234,Asia,RLM11,REF1096
SP234,Asia,RLM6,REF1096
SP235,Asia,RLM6,REF402
SP235,Asia,RLM6,REF1096
SP236,Asia,RLM6,REF152
SP236,Asia,RLM11,REF152
SP236,Asia,RLM8,REF152
SP236,Asia,RLM10,REF152
SP236,Asia,RLM11,REF1096
SP236,Asia,RLM6,REF1096
SP1281,Europe,RLM11,REF144
SP1154,North America,RLM9,REF1225
SP1154,North America,RLM9,REF889
SP1154,South America,RLM1,REF1225
SP1154,South America,RLM1,REF889
SP1154,North America,RLM7,REF889
SP1154,South America,RLM7,REF889
SP1154,North America,RLM9,REF1096
SP237,Australia,RLM2,REF508
SP237,Australia,RLM2,REF1096
SP238,Australia,RLM2,REF307
SP238,Australia,RLM2,REF1096
SP239,Africa,RLM4,REF248
SP1100,Australia,RLM2,REF581
SP241,Asia,RLM6,REF1207
SP241,Asia,RLM10,REF1207
SP241,Asia,RLM6,REF1096
SP243,Europe,RLM11,REF1096
SP244,Asia,RLM6,REF944
SP245,North America,RLM9,REF395
SP246,North America,RLM9,REF396
SP247,Asia,RLM10,REF638
SP247,Asia,RLM6,REF638
SP247,Asia,RLM11,REF638
SP248,North America,RLM9,REF616
SP1078,Europe,RLM11,REF155
SP1078,Asia,RLM8,REF155
SP1078,Asia,RLM11,REF155
SP250,Asia,RLM6,REF946
SP250,Asia,RLM6,REF1096
SP250,Africa,RLM3,REF1096
SP250,Australia,RLM2,REF1096
SP251,Africa,RLM3,REF152
SP251,Africa,RLM4,REF152
SP251,Asia,RLM11,REF152
SP251,Europe,RLM11,REF152
SP251,Africa,RLM8,REF152
SP251,Asia,RLM8,REF152
SP251,Asia,RLM6,REF152
SP252,Australia,RLM2,REF248
SP252,Oceania,RLM2,REF947
SP252,Oceania,RLM2,REF248
SP252,Oceania,,REF947
SP252,Oceania,,REF248
SP252,Asia,RLM6,REF248
SP252,Asia,RLM6,REF947
SP252,Asia,RLM10,REF947
SP252,Asia,RLM11,REF947
SP252,Australia,RLM2,REF947
SP252,Australia,RLM2,REF1096
SP253,North America,RLM9,REF1067
SP253,Asia,RLM11,REF1067
SP253,Europe,RLM11,REF1067
SP253,Europe,RLM11,REF1096
SP255,Europe,RLM11,REF957
SP255,Europe,RLM11,REF1096
SP255,Asia,RLM11,REF1096
SP256,Asia,RLM6,REF184
SP256,Asia,RLM6,REF1096
SP257,Europe,RLM11,REF1133
SP257,Europe,RLM11,REF213
SP258,Asia,RLM11,REF902
SP258,Europe,RLM11,REF902
SP258,Africa,RLM8,REF902
SP258,Asia,RLM8,REF902
SP258,Asia,RLM11,REF1096
SP258,Africa,RLM3,REF1096
SP259,North America,RLM9,REF879
SP259,North America,RLM7,REF879
SP259,North America,RLM9,REF1096
SP260,Asia,RLM11,REF226
SP260,Europe,RLM11,REF226
SP260,Europe,RLM11,REF1096
SP1318,Asia,RLM6,REF834
SP1318,Asia,RLM10,REF834
SP261,Europe,RLM11,REF1199
SP261,Africa,RLM8,REF1199
SP261,Asia,RLM11,REF1199
SP261,Asia,RLM6,REF1199
SP262,Africa,RLM3,REF375
SP262,Asia,RLM6,REF375
SP262,Asia,RLM11,REF375
SP262,Asia,RLM10,REF375
SP262,Asia,RLM6,REF1096
SP262,Australia,RLM2,REF1096
SP263,Oceania,,REF840
SP263,Asia,RLM6,REF840
SP263,Africa,RLM3,REF840
SP263,Asia,RLM6,REF1096
SP263,Africa,RLM3,REF1096
SP263,Australia,RLM2,REF1096
SP264,Africa,RLM3,REF580
SP264,Australia,RLM2,REF580
SP264,North America,RLM9,REF580
SP264,South America,RLM1,REF580
SP264,Oceania,,REF580
SP264,North America,RLM7,REF580
SP264,South America,RLM1,REF1096
SP264,Asia,RLM6,REF1096
SP264,Africa,RLM3,REF1096
SP264,Australia,RLM2,REF1096
SP265,North America,RLM9,REF404
SP265,Asia,RLM11,REF404
SP265,Europe,RLM11,REF404
SP265,Africa,RLM8,REF404
SP265,Asia,RLM10,REF404
SP265,Asia,RLM11,REF1096
SP267,Europe,RLM11,REF897
SP267,Africa,RLM8,REF897
SP267,Europe,RLM11,REF1096
SP268,Asia,RLM11,REF404
SP268,Europe,RLM11,REF404
SP268,Asia,RLM8,REF404
SP268,Asia,RLM10,REF404
SP268,Europe,RLM11,REF1096
SP271,Asia,RLM11,REF1097
SP271,Europe,RLM11,REF735
SP271,Europe,RLM11,REF1097
SP271,Europe,RLM11,REF1050
SP271,Africa,RLM8,REF1097
SP271,Asia,RLM10,REF1050
SP271,Europe,RLM11,REF1096
SP271,Asia,RLM11,REF1096
SP272,Europe,RLM11,REF654
SP272,Europe,RLM11,REF1096
SP1079,Europe,RLM11,REF707
SP1079,Europe,RLM11,REF1002
SP1079,Asia,RLM11,REF1002
SP273,Europe,RLM11,REF757
SP273,Europe,RLM11,REF1096
SP275,Asia,RLM11,REF504
SP275,Europe,RLM11,REF210
SP275,Europe,RLM11,REF31
SP275,Europe,RLM11,REF1096
SP276,Europe,RLM11,REF683
SP278,Europe,RLM11,REF152
SP278,Europe,RLM11,REF1096
SP279,Europe,RLM11,REF1042
SP281,Asia,RLM6,REF591
SP281,Asia,RLM11,REF942
SP281,Asia,RLM11,REF591
SP281,Europe,RLM11,REF942
SP281,Europe,RLM11,REF591
SP281,Asia,RLM8,REF591
SP281,North America,RLM9,REF1096
SP281,Asia,RLM11,REF1096
SP282,Europe,RLM11,REF957
SP282,Europe,RLM11,REF1096
SP283,Europe,RLM11,REF1123
SP283,Europe,RLM11,REF1096
SP284,Asia,RLM11,REF654
SP284,Europe,RLM11,REF654
SP284,Africa,RLM8,REF654
SP284,Europe,RLM11,REF1096
SP285,Asia,RLM6,REF789
SP285,Asia,RLM6,REF788
SP285,Asia,RLM11,REF789
SP285,Europe,RLM11,REF788
SP285,Africa,RLM8,REF789
SP285,Africa,RLM8,REF1053
SP285,Asia,RLM8,REF789
SP285,Asia,RLM8,REF788
SP285,Asia,RLM10,REF1053
SP285,Asia,RLM11,REF1096
SP285,Africa,RLM3,REF1096
SP286,Europe,RLM11,REF214
SP286,Europe,RLM11,REF1096
SP287,Europe,RLM11,REF1002
SP287,Asia,RLM11,REF1002
SP288,Europe,RLM11,REF683
SP289,Asia,RLM11,REF30
SP289,Europe,RLM11,REF493
SP289,Europe,RLM11,REF942
SP289,Europe,RLM11,REF30
SP289,Europe,RLM11,REF1096
SP290,North America,RLM9,REF653
SP291,Europe,RLM11,REF1002
SP291,Asia,RLM11,REF1002
SP292,Asia,RLM11,REF367
SP292,Europe,RLM11,REF367
SP292,Europe,RLM11,REF1096
SP293,North America,RLM9,REF891
SP293,North America,RLM9,REF736
SP293,North America,RLM9,REF1096
SP294,Africa,RLM3,REF2
SP294,Australia,RLM2,REF1096
SP295,North America,RLM9,REF283
SP295,North America,RLM9,REF710
SP295,North America,RLM7,REF283
SP295,North America,RLM7,REF710
SP1158,Asia,RLM6,REF1096
SP1158,Australia,RLM2,REF1096
SP296,Europe,RLM11,REF1096
SP297,Asia,RLM10,REF840
SP297,Asia,RLM6,REF840
SP297,Oceania,,REF840
SP297,Asia,RLM6,REF1096
SP297,Australia,RLM2,REF1096
SP298,Asia,,REF249
SP298,Oceania,,REF249
SP298,Asia,RLM6,REF249
SP298,Asia,RLM11,REF249
SP298,Asia,RLM6,REF825
SP298,Oceania,,REF825
SP300,Australia,RLM2,REF249
SP300,Oceania,,REF152
SP300,Asia,RLM6,REF249
SP300,Asia,RLM10,REF249
SP300,Asia,RLM6,REF1096
SP301,Asia,RLM6,REF121
SP301,Asia,RLM10,REF121
SP301,Asia,RLM6,REF1096
SP302,North America,RLM9,REF977
SP302,North America,RLM9,REF71
SP302,North America,RLM7,REF977
SP302,North America,RLM7,REF71
SP303,North America,RLM9,REF1055
SP304,North America,RLM9,REF181
SP305,Europe,RLM11,REF1096
SP306,Australia,RLM2,REF755
SP306,Australia,RLM2,REF1096
SP307,Australia,RLM2,REF496
SP307,Australia,RLM2,REF1096
SP309,Asia,RLM11,REF621
SP309,Asia,RLM10,REF621
SP1159,South America,RLM1,REF500
SP1159,South America,RLM1,REF1096
SP310,North America,RLM9,REF842
SP310,North America,RLM9,REF1096
SP310,South America,RLM1,REF1096
SP312,Africa,RLM3,REF1052
SP312,Africa,RLM3,REF18
SP312,Australia,RLM2,REF1052
SP312,Oceania,,REF1052
SP312,Asia,RLM6,REF1052
SP312,Asia,RLM6,REF18
SP312,Asia,RLM6,REF1096
SP312,Africa,RLM3,REF1096
SP313,Asia,RLM11,REF662
SP313,Asia,RLM10,REF662
SP313,Asia,RLM11,REF1096
SP314,North America,RLM9,REF152
SP314,South America,RLM1,REF152
SP314,North America,RLM7,REF152
SP314,South America,RLM7,REF152
SP314,South America,RLM1,REF1096
SP315,North America,RLM9,REF136
SP315,North America,RLM9,REF242
SP315,South America,RLM7,REF136
SP315,North America,RLM9,REF1096
SP315,South America,RLM1,REF1096
SP316,South America,RLM1,REF152
SP316,South America,RLM1,REF1096
SP317,South America,RLM1,REF929
SP320,Asia,RLM6,REF957
SP320,Asia,RLM11,REF957
SP320,Europe,RLM11,REF957
SP320,Africa,RLM8,REF405
SP320,Asia,RLM10,REF957
SP320,Europe,RLM11,REF1096
SP1107,Asia,RLM6,REF1096
SP1160,Asia,RLM6,REF1096
SP1160,Africa,RLM3,REF1096
SP1160,Australia,RLM2,REF1096
SP1160,Oceania,,REF1096
SP1161,Australia,RLM2,REF48
SP1161,Australia,RLM2,REF1096
SP321,Asia,RLM6,REF152
SP321,Asia,RLM11,REF152
SP321,Europe,RLM11,REF152
SP321,Africa,RLM8,REF152
SP321,Asia,RLM8,REF152
SP321,Europe,RLM11,REF1096
SP322,North America,RLM9,REF159
SP322,South America,RLM1,REF159
SP322,North America,RLM7,REF159
SP322,South America,RLM1,REF1096
SP323,Oceania,RLM9,REF807
SP323,Oceania,,REF1096
SP1162,Australia,RLM2,REF1009
SP1162,Oceania,,REF1009
SP1162,Asia,RLM6,REF1009
SP1162,Asia,RLM6,REF1096
SP1162,Australia,RLM2,REF1096
SP1163,Oceania,RLM2,REF509
SP1163,Oceania,,REF509
SP1163,Asia,RLM6,REF509
SP1163,Asia,RLM11,REF1096
SP1163,Asia,RLM6,REF1096
SP325,Africa,RLM3,REF307
SP325,Oceania,,REF307
SP325,Asia,RLM6,REF307
SP325,Asia,RLM11,REF307
SP325,Europe,RLM11,REF307
SP325,Africa,RLM8,REF307
SP325,Asia,RLM10,REF307
SP325,Asia,RLM6,REF1096
SP325,Africa,RLM3,REF1096
SP326,Asia,RLM11,REF450
SP326,Europe,RLM11,REF450
SP326,Europe,RLM11,REF1096
SP326,Asia,RLM11,REF1096
SP327,Australia,RLM2,REF493
SP327,Australia,RLM2,REF1096
SP328,Asia,RLM6,REF770
SP328,Asia,RLM10,REF770
SP328,Asia,RLM6,REF1096
SP329,Asia,RLM6,REF681
SP329,Asia,RLM11,REF681
SP329,Asia,RLM10,REF681
SP330,North America,RLM7,REF720
SP330,South America,RLM1,REF1096
SP331,North America,RLM9,REF1128
SP331,South America,RLM1,REF1128
SP331,North America,RLM7,REF1128
SP331,South America,RLM1,REF1096
SP332,Australia,RLM2,REF512
SP332,Asia,RLM6,REF512
SP332,Asia,RLM6,REF1096
SP332,Australia,RLM2,REF1096
SP333,Asia,RLM11,REF152
SP333,Asia,RLM10,REF152
SP333,Asia,RLM11,REF1096
SP333,Asia,RLM6,REF1096
SP334,Asia,RLM11,REF904
SP334,Asia,RLM11,REF404
SP334,Europe,RLM11,REF404
SP334,Europe,RLM11,REF904
SP334,Asia,RLM10,REF904
SP334,Europe,RLM11,REF1096
SP336,Europe,RLM11,REF957
SP337,Europe,RLM11,REF957
SP337,Europe,RLM11,REF1096
SP338,Europe,RLM11,REF1056
SP338,Africa,RLM8,REF1056
SP339,Europe,RLM11,REF1015
SP339,Europe,RLM11,REF1096
SP341,Asia,RLM11,REF683
SP341,Europe,RLM11,REF683
SP343,Europe,RLM11,REF1071
SP343,Europe,RLM11,REF1096
SP344,Europe,RLM11,REF683
SP345,Europe,RLM11,REF692
SP345,Europe,RLM11,REF1096
SP1168,North America,RLM9,REF1169
SP346,Europe,RLM11,REF957
SP347,Europe,RLM11,REF683
SP348,Europe,RLM11,REF488
SP349,Asia,RLM11,REF106
SP349,Asia,RLM10,REF106
SP349,Europe,RLM11,REF1096
SP352,Europe,RLM11,REF1002
SP352,Asia,RLM11,REF1002
SP353,Europe,RLM11,REF1002
SP353,Asia,RLM11,REF1002
SP354,Africa,RLM3,REF1170
SP354,Australia,RLM2,REF1170
SP354,Africa,RLM4,REF1170
SP354,Oceania,,REF1170
SP354,Asia,RLM6,REF1170
SP354,Asia,RLM11,REF1170
SP354,Europe,RLM11,REF1170
SP354,Africa,RLM8,REF1170
SP354,Asia,RLM8,REF1170
SP354,Asia,RLM10,REF1170
SP354,Asia,RLM6,REF1096
SP354,Africa,RLM3,REF1096
SP354,Australia,RLM2,REF1096
SP355,Australia,RLM2,REF41
SP355,Asia,RLM6,REF41
SP356,Australia,RLM2,REF1148
SP356,Oceania,RLM2,REF1148
SP356,North America,RLM9,REF1148
SP356,Oceania,RLM9,REF1148
SP356,South America,RLM1,REF1148
SP356,Asia,RLM6,REF1148
SP356,Asia,RLM11,REF1148
SP356,Europe,RLM11,REF1148
SP356,North America,RLM7,REF1148
SP356,South America,RLM7,REF1148
SP356,Asia,RLM10,REF1148
SP356,North America,RLM9,REF1096
SP357,Africa,RLM3,REF882
SP357,Africa,RLM4,REF882
SP357,Asia,RLM6,REF882
SP357,Asia,RLM11,REF882
SP357,Europe,RLM11,REF882
SP357,Africa,RLM8,REF882
SP357,Asia,RLM8,REF882
SP357,Asia,RLM6,REF1096
SP357,Africa,RLM3,REF1096
SP359,Australia,RLM2,REF493
SP359,Australia,RLM2,REF1096
SP360,Australia,RLM2,REF493
SP360,Australia,RLM2,REF1096
SP361,Africa,RLM3,REF751
SP362,Asia,RLM11,REF206
SP362,Europe,RLM11,REF206
SP363,North America,RLM7,REF1002
SP363,South America,RLM7,REF1002
SP363,North America,RLM9,REF1002
SP363,South America,RLM1,REF1002
SP364,Asia,RLM6,REF958
SP364,Asia,RLM6,REF1096
SP365,Asia,RLM6,REF453
SP365,Asia,RLM11,REF453
SP365,Europe,RLM11,REF453
SP365,Asia,RLM8,REF453
SP365,Asia,RLM10,REF453
SP366,Asia,RLM11,REF152
SP366,Europe,RLM11,REF152
SP366,Africa,RLM8,REF152
SP366,Asia,RLM10,REF152
SP366,Europe,RLM11,REF1096
SP366,Asia,RLM11,REF1096
SP367,Asia,RLM11,REF352
SP367,Asia,RLM11,REF556
SP367,Europe,RLM11,REF352
SP367,Asia,RLM10,REF556
SP367,Asia,RLM10,REF352
SP368,Asia,RLM11,REF556
SP368,Asia,RLM10,REF556
SP1081,Asia,RLM11,REF734
SP1081,Europe,RLM11,REF734
SP370,Asia,RLM11,REF653
SP370,Europe,RLM11,REF653
SP370,Asia,RLM10,REF653
SP370,Europe,RLM11,REF1096
SP1306,Asia,RLM11,REF461
SP1306,Europe,RLM11,REF461
SP1306,Asia,RLM8,REF461
SP372,Europe,RLM11,REF1002
SP372,Asia,RLM11,REF1002
SP373,Africa,RLM3,REF407
SP373,Africa,RLM8,REF407
SP373,Asia,RLM8,REF407
SP374,Asia,RLM6,REF28
SP374,Asia,RLM6,REF1096
SP375,Asia,RLM11,REF655
SP375,Europe,RLM11,REF655
SP375,Europe,RLM11,REF640
SP375,Africa,RLM8,REF655
SP375,Africa,RLM3,REF655
SP375,Africa,RLM4,REF655
SP375,Asia,RLM8,REF655
SP375,Europe,RLM11,REF1096
SP375,Asia,RLM11,REF1096
SP375,Australia,RLM2,REF1096
SP376,South America,RLM1,REF1002
SP377,North America,RLM9,REF159
SP377,South America,RLM1,REF159
SP377,North America,RLM7,REF159
SP377,North America,RLM9,REF1096
SP377,South America,RLM1,REF1096
SP378,Asia,RLM6,REF224
SP378,Asia,RLM6,REF293
SP378,Asia,RLM8,REF224
SP378,Asia,RLM10,REF224
SP378,Asia,RLM6,REF1096
SP381,South America,RLM1,REF429
SP381,South America,RLM1,REF764
SP381,South America,RLM1,REF1150
SP381,North America,RLM7,REF764
SP381,South America,RLM7,REF429
SP381,South America,RLM1,REF1096
SP382,North America,RLM9,REF1002
SP1298,South America,RLM1,REF1026
SP383,North America,RLM9,REF567
SP383,South America,RLM1,REF357
SP383,North America,RLM7,REF567
SP383,South America,RLM7,REF567
SP383,South America,RLM1,REF1096
SP385,Asia,RLM11,REF994
SP385,Europe,RLM11,REF994
SP385,Europe,RLM11,REF1096
SP1171,Africa,RLM3,REF1228
SP1171,Australia,RLM2,REF1228
SP1171,Africa,RLM4,REF1228
SP1171,Asia,RLM6,REF1228
SP1171,Asia,RLM11,REF1228
SP1171,Europe,RLM11,REF1228
SP1171,Africa,RLM8,REF1228
SP1171,Asia,RLM8,REF1228
SP1171,Europe,RLM11,REF1096
SP1172,North America,RLM9,REF625
SP1172,South America,RLM1,REF1096
SP386,Asia,RLM6,REF672
SP387,Europe,RLM11,REF1123
SP387,Europe,RLM11,REF1096
SP388,Asia,RLM6,REF846
SP388,Asia,RLM11,REF846
SP388,Asia,RLM10,REF846
SP388,Asia,RLM11,REF1096
SP389,Europe,RLM11,REF394
SP389,Europe,RLM11,REF1096
SP390,Europe,RLM11,REF394
SP390,Europe,RLM11,REF1096
SP391,Europe,RLM11,REF394
SP391,Europe,RLM11,REF1096
SP392,Europe,RLM11,REF394
SP392,Europe,RLM11,REF1096
SP1323,North America,RLM9,REF475
SP1323,South America,RLM1,REF475
SP1323,North America,RLM7,REF475
SP1323,South America,RLM7,REF475
SP393,Asia,RLM6,REF4
SP393,Asia,RLM11,REF4
SP393,Asia,RLM10,REF4
SP393,Asia,RLM6,REF1096
SP394,Australia,RLM2,REF1031
SP394,Oceania,RLM2,REF1031
SP394,Oceania,,REF1031
SP394,Asia,RLM6,REF1031
SP394,Asia,RLM11,REF1031
SP394,Asia,RLM10,REF1031
SP394,Asia,RLM11,REF1096
SP394,Asia,RLM6,REF1096
SP395,South America,RLM1,REF32
SP395,South America,RLM1,REF1096
SP396,Europe,RLM11,REF1123
SP396,Europe,RLM11,REF1096
SP397,Australia,RLM2,REF677
SP397,Oceania,,REF677
SP397,Asia,RLM6,REF677
SP397,Asia,RLM10,REF677
SP397,Asia,RLM6,REF1096
SP1174,Oceania,,REF1096
SP398,Australia,RLM2,REF1201
SP399,Oceania,RLM9,REF659
SP399,Oceania,,REF659
SP399,South America,RLM1,REF1096
SP400,Europe,RLM11,REF868
SP400,Europe,RLM11,REF1096
SP401,Europe,RLM11,REF152
SP401,Africa,RLM8,REF152
SP401,Asia,RLM8,REF152
SP401,Europe,RLM11,REF1096
SP402,Africa,RLM3,REF524
SP403,Africa,RLM3,REF254
SP403,Africa,RLM4,REF254
SP403,Oceania,,REF254
SP403,Asia,RLM8,REF254
SP403,Asia,RLM6,REF254
SP404,Africa,RLM3,REF248
SP404,Asia,RLM6,REF723
SP404,Asia,RLM6,REF628
SP404,Asia,RLM6,REF248
SP404,Asia,RLM6,REF381
SP404,Asia,RLM8,REF381
SP404,Asia,RLM8,REF248
SP404,Asia,RLM10,REF381
SP404,Asia,RLM10,REF248
SP404,Africa,RLM3,REF628
SP404,Asia,RLM6,REF628
SP405,Africa,RLM3,REF228
SP405,Africa,RLM4,REF228
SP405,Asia,RLM6,REF228
SP405,Europe,RLM11,REF228
SP405,Africa,RLM8,REF228
SP1086,Asia,RLM11,REF1096
SP1086,Asia,RLM6,REF1096
SP406,Europe,RLM11,REF957
SP407,Africa,RLM3,REF809
SP407,Australia,RLM2,REF809
SP407,Africa,RLM4,REF809
SP407,North America,RLM9,REF809
SP407,Oceania,,REF809
SP407,Asia,RLM6,REF809
SP407,Asia,RLM6,REF628
SP407,Asia,RLM6,REF957
SP407,Africa,RLM8,REF628
SP407,Asia,RLM8,REF809
SP407,Asia,RLM8,REF628
SP407,Asia,RLM10,REF809
SP407,Asia,RLM11,REF1096
SP407,Asia,RLM6,REF1096
SP409,South America,RLM1,REF78
SP409,South America,RLM1,REF1096
SP410,Europe,RLM11,REF1111
SP410,Europe,RLM11,REF957
SP410,Africa,RLM8,REF1111
SP410,Africa,RLM8,REF957
SP410,Asia,RLM8,REF1111
SP410,Europe,RLM11,REF1096
SP411,Europe,RLM11,REF680
SP412,North America,RLM7,REF1174
SP412,North America,RLM9,REF1174
SP1087,Australia,RLM2,REF1129
SP413,North America,RLM9,REF1029
SP413,South America,RLM1,REF1029
SP413,North America,RLM7,REF1029
SP413,South America,RLM7,REF1029
SP413,South America,RLM1,REF1096
SP1175,North America,RLM9,REF1225
SP1175,South America,RLM1,REF1225
SP1175,North America,RLM9,REF1096
SP1315,North America,RLM9,REF292
SP1315,South America,RLM7,REF292
SP1315,Africa,RLM3,REF1096
SP414,Australia,RLM2,REF171
SP414,Asia,RLM6,REF171
SP414,Asia,RLM8,REF171
SP414,Asia,RLM10,REF171
SP414,Asia,RLM11,REF1096
SP414,Asia,RLM6,REF1096
SP416,Asia,RLM6,REF1209
SP416,Asia,RLM10,REF1209
SP417,Asia,RLM11,REF1030
SP417,Europe,RLM11,REF1030
SP417,Africa,RLM8,REF1030
SP417,Asia,RLM8,REF1030
SP417,Asia,RLM10,REF1030
SP418,North America,RLM9,REF439
SP418,North America,RLM9,REF9
SP419,Australia,RLM2,REF1172
SP419,Asia,RLM6,REF1172
SP419,Asia,RLM10,REF1172
SP420,South America,RLM1,REF1002
SP421,North America,RLM7,REF358
SP421,North America,RLM7,REF956
SP421,Asia,RLM11,REF1096
SP422,North America,RLM7,REF726
SP422,South America,RLM1,REF1096
SP423,Asia,RLM11,REF152
SP423,Europe,RLM11,REF152
SP423,Africa,RLM8,REF152
SP423,Europe,RLM11,REF1096
SP424,Europe,RLM11,REF394
SP424,Europe,RLM11,REF1096
SP424,Asia,RLM11,REF1096
SP425,Europe,RLM11,REF218
SP425,Europe,RLM11,REF1096
SP426,Europe,RLM11,REF217
SP426,Europe,RLM11,REF1096
SP428,North America,RLM9,REF562
SP428,North America,RLM9,REF532
SP428,North America,RLM9,REF93
SP429,Europe,RLM11,REF683
SP431,Europe,RLM11,REF1096
SP433,Europe,RLM11,REF962
SP433,Africa,RLM8,REF962
SP433,Europe,RLM11,REF1096
SP1178,North America,RLM9,REF1123
SP1178,North America,RLM9,REF1096
SP434,Australia,RLM2,REF495
SP434,Australia,RLM2,REF1096
SP436,North America,RLM9,REF1221
SP437,Africa,RLM3,REF399
SP437,Africa,RLM4,REF399
SP437,Africa,RLM3,REF1096
SP438,North America,RLM9,REF1022
SP438,South America,RLM1,REF1022
SP438,South America,RLM1,REF1096
SP439,South America,RLM1,REF480
SP439,North America,RLM7,REF480
SP439,South America,RLM1,REF1096
SP440,Europe,RLM11,REF394
SP440,Europe,RLM11,REF1096
SP441,Africa,RLM3,REF683
SP441,Africa,RLM8,REF168
SP441,Africa,RLM8,
SP441,Africa,RLM3,REF1096
SP442,Asia,RLM11,REF957
SP442,Asia,RLM11,REF332
SP442,Africa,RLM8,REF332
SP442,Africa,RLM8,REF957
SP442,Asia,RLM8,REF332
SP442,Africa,RLM3,REF1096
SP1324,North America,RLM9,REF892
SP1324,North America,RLM9,REF1002
SP443,Europe,RLM11,REF1086
SP445,Europe,RLM11,REF232
SP445,Europe,RLM11,REF1096
SP446,Europe,RLM11,REF1086
SP447,Europe,RLM11,REF156
SP448,Australia,RLM2,REF152
SP448,Australia,RLM2,REF1096
SP449,North America,RLM9,REF931
SP449,South America,RLM1,REF931
SP449,North America,RLM7,REF931
SP449,North America,RLM9,REF1096
SP449,South America,RLM1,REF1096
SP1179,South America,RLM1,REF220
SP450,Asia,RLM11,REF572
SP450,Europe,RLM11,REF572
SP450,Asia,RLM8,REF572
SP450,Europe,RLM11,REF1096
SP452,Australia,RLM2,REF658
SP452,Australia,RLM2,REF1096
SP1180,Oceania,,REF1096
SP1181,Oceania,,REF1096
SP453,Africa,RLM3,REF237
SP453,Australia,RLM2,REF237
SP453,North America,RLM9,REF237
SP453,South America,RLM1,REF237
SP453,Asia,RLM6,REF237
SP453,Africa,RLM8,REF1227
SP453,North America,RLM7,REF237
SP453,Asia,RLM10,REF237
SP453,South America,RLM1,REF1096
SP1182,Oceania,,REF192
SP1183,Oceania,,REF1227
SP1183,Oceania,,REF1096
SP1184,Australia,RLM2,REF193
SP1184,Oceania,,REF193
SP1184,Oceania,,REF1096
SP1185,South America,RLM1,REF1096
SP1185,Asia,RLM6,REF1096
SP1185,Oceania,,REF1096
SP454,North America,RLM9,REF1178
SP454,North America,RLM9,REF164
SP454,South America,RLM1,REF765
SP454,South America,RLM1,REF1014
SP454,North America,RLM7,REF765
SP454,North America,RLM7,REF1178
SP454,South America,RLM7,REF988
SP454,South America,RLM7,REF1014
SP455,Asia,RLM6,REF194
SP455,Asia,RLM6,REF1096
SP456,Asia,RLM6,REF152
SP456,Asia,RLM10,REF152
SP456,Asia,RLM6,REF1096
SP457,Europe,RLM11,REF507
SP457,Europe,RLM11,REF1096
SP458,Europe,RLM11,REF239
SP458,Europe,RLM11,REF1096
SP462,Europe,RLM11,REF1132
SP462,Africa,RLM8,REF1132
SP462,Europe,RLM11,REF1096
SP463,Africa,RLM4,REF643
SP463,Oceania,RLM9,REF643
SP463,Oceania,,REF643
SP463,Asia,RLM6,REF643
SP463,Africa,RLM3,REF1096
SP464,Asia,RLM11,REF683
SP464,Europe,RLM11,REF623
SP464,Africa,RLM8,REF683
SP465,Europe,RLM11,REF1096
SP1187,North America,RLM9,REF539
SP1187,North America,RLM9,REF1096
SP1188,Africa,RLM3,REF248
SP1188,Australia,RLM2,REF248
SP1188,Africa,RLM4,REF248
SP1188,Oceania,,REF248
SP1188,Asia,RLM6,REF248
SP1188,Africa,RLM3,REF259
SP1188,Asia,RLM6,REF259
SP1188,Australia,RLM2,REF259
SP1188,Oceania,,REF259
SP466,North America,RLM9,REF1123
SP466,South America,RLM1,REF1123
SP466,North America,RLM7,REF1123
SP466,North America,RLM9,REF1096
SP468,Africa,RLM3,REF248
SP468,Africa,RLM4,REF248
SP468,Africa,RLM8,REF333
SP468,Africa,RLM3,REF774
SP468,Africa,RLM4,REF774
SP469,Europe,RLM11,REF1096
SP471,Africa,RLM3,REF248
SP471,Africa,RLM4,REF248
SP471,Africa,RLM3,REF1096
SP472,Africa,RLM3,REF898
SP472,Africa,RLM8,REF898
SP472,Asia,RLM8,REF898
SP473,Asia,RLM11,REF1215
SP473,Europe,RLM11,REF1215
SP473,Asia,RLM8,REF1215
SP473,Asia,RLM10,REF1215
SP474,Asia,RLM11,REF385
SP474,Europe,RLM11,REF385
SP475,Australia,RLM2,REF840
SP475,Oceania,,REF840
SP475,Oceania,RLM2,REF840
SP475,Australia,RLM2,REF1096
SP476,Asia,RLM6,REF668
SP476,Oceania,,REF1096
SP477,Australia,RLM2,REF840
SP477,Oceania,,REF840
SP477,Asia,RLM6,REF840
SP477,Oceania,RLM2,REF840
SP477,Asia,RLM6,REF1096
SP477,Australia,RLM2,REF1096
SP478,Asia,RLM6,REF1010
SP478,Asia,RLM6,REF1187
SP478,Europe,RLM11,REF1010
SP1089,Oceania,RLM2,REF856
SP479,North America,RLM7,REF358
SP479,South America,RLM1,REF1096
SP480,Asia,RLM11,REF1123
SP480,Europe,RLM11,REF1123
SP480,Europe,RLM11,REF1096
SP481,Europe,RLM11,REF114
SP481,Asia,RLM11,REF114
SP483,Australia,RLM2,REF555
SP483,Asia,RLM6,REF555
SP483,Asia,RLM11,REF555
SP483,Asia,RLM10,REF555
SP484,Europe,RLM11,REF400
SP484,Africa,RLM8,REF683
SP485,North America,RLM9,REF762
SP485,Asia,RLM11,REF762
SP485,Europe,RLM11,REF762
SP486,North America,RLM9,REF762
SP486,Asia,RLM11,REF762
SP486,Europe,RLM11,REF762
SP486,Asia,RLM10,REF762
SP486,Asia,RLM6,REF762
SP487,Africa,RLM8,REF251
SP487,Europe,RLM11,REF251
SP487,Europe,RLM11,REF957
SP488,Europe,RLM11,REF957
SP489,Europe,RLM11,REF1002
SP489,Asia,RLM11,REF1002
SP490,Asia,RLM11,REF617
SP490,Europe,RLM11,REF617
SP490,Europe,RLM11,REF1096
SP491,Asia,RLM6,REF786
SP491,Asia,RLM10,REF786
SP492,Asia,RLM6,REF454
SP492,Asia,RLM6,REF1096
SP493,Europe,RLM11,REF1084
SP493,Europe,RLM11,REF1096
SP494,Asia,RLM6,REF826
SP494,Asia,RLM8,REF826
SP496,Europe,RLM11,REF957
SP496,Africa,RLM8,REF957
SP498,North America,RLM9,REF1076
SP498,North America,RLM7,REF1076
SP498,South America,RLM1,REF1096
SP499,North America,RLM9,REF792
SP499,North America,RLM9,REF957
SP499,North America,RLM9,REF1096
SP500,Africa,RLM3,REF565
SP500,Asia,RLM11,REF565
SP500,Europe,RLM11,REF565
SP500,Asia,RLM8,REF565
SP500,Asia,RLM6,REF565
SP501,Australia,RLM2,REF169
SP501,Australia,RLM2,REF1096
SP502,Europe,RLM11,REF435
SP502,Africa,RLM8,REF435
SP503,Asia,RLM11,REF377
SP503,Europe,RLM11,REF377
SP504,Asia,RLM11,REF20
SP504,Europe,RLM11,REF20
SP504,Asia,RLM8,REF20
SP505,Asia,RLM11,REF401
SP505,Europe,RLM11,REF401
SP505,Africa,RLM8,REF401
SP505,Europe,RLM11,REF1096
SP506,North America,RLM9,REF719
SP506,South America,RLM1,REF719
SP506,North America,RLM7,REF719
SP506,South America,RLM1,REF1096
SP507,North America,RLM9,REF719
SP507,South America,RLM1,REF719
SP507,North America,RLM7,REF719
SP507,South America,RLM1,REF1096
SP508,Europe,RLM11,REF709
SP508,Europe,RLM11,REF1096
SP1192,North America,RLM9,REF905
SP1192,South America,RLM1,REF905
SP1192,North America,RLM7,REF905
SP1192,South America,RLM7,REF905
SP509,Europe,RLM11,REF1002
SP510,South America,RLM1,REF954
SP510,South America,RLM1,REF1096
SP511,Asia,RLM6,REF152
SP511,Asia,RLM11,REF367
SP511,Europe,RLM11,REF367
SP511,Asia,RLM11,REF1096
SP511,Asia,RLM6,REF1096
SP1193,Africa,RLM4,REF248
SP1193,Africa,RLM4,REF934
SP1193,Africa,RLM3,REF1096
SP513,Asia,RLM6,REF1203
SP513,Asia,RLM6,REF982
SP513,Asia,RLM11,REF1203
SP513,Asia,RLM11,REF982
SP513,Europe,RLM11,REF1203
SP513,Asia,RLM8,REF1203
SP513,Asia,RLM8,REF982
SP513,Asia,RLM10,REF982
SP513,Asia,RLM11,REF1096
SP514,Africa,RLM3,REF787
SP514,Africa,RLM4,REF787
SP514,Asia,RLM6,REF787
SP514,Africa,RLM8,REF787
SP514,Asia,RLM8,REF787
SP514,Asia,RLM10,REF787
SP514,North America,RLM9,REF1096
SP514,Europe,RLM11,REF1096
SP514,Oceania,,REF1096
SP515,Australia,RLM2,REF493
SP515,Australia,RLM2,REF1096
SP516,Europe,RLM11,REF957
SP517,Europe,RLM11,REF584
SP517,Africa,RLM8,REF957
SP517,Europe,RLM11,REF1096
SP518,Europe,RLM11,
SP518,Europe,RLM11,REF1096
SP519,Australia,RLM2,REF1023
SP519,Oceania,RLM2,REF1023
SP519,Asia,RLM6,REF1023
SP519,Africa,RLM8,REF1023
SP519,Asia,RLM8,REF1023
SP519,Asia,RLM10,REF1023
SP519,Oceania,,REF1023
SP519,Asia,RLM6,REF1096
SP519,Africa,RLM3,REF1096
SP519,Australia,RLM2,REF1096
SP521,Asia,RLM11,REF1096
SP521,Asia,RLM6,REF1096
SP523,Asia,RLM11,REF249
SP523,Europe,RLM11,REF249
SP523,Europe,RLM11,REF1096
SP524,Europe,RLM11,REF1183
SP525,Africa,RLM3,REF1096
SP526,Oceania,,REF150
SP526,Asia,RLM6,REF150
SP526,Asia,RLM11,REF150
SP526,Europe,RLM11,REF150
SP526,Asia,RLM8,REF150
SP526,Asia,RLM10,REF150
SP526,Europe,RLM11,REF1096
SP527,Asia,RLM11,REF367
SP527,Europe,RLM11,REF367
SP527,Asia,RLM11,REF1096
SP527,Asia,RLM6,REF1096
SP528,North America,RLM9,REF699
SP1196,Asia,RLM11,REF34
SP1196,Europe,RLM11,REF34
SP1196,Europe,RLM11,REF1096
SP531,Europe,RLM11,REF152
SP531,Europe,RLM11,REF1096
SP532,Asia,RLM11,REF627
SP532,Europe,RLM11,REF627
SP532,Africa,RLM8,REF627
SP532,Asia,RLM8,REF627
SP532,Asia,RLM10,REF627
SP534,Asia,RLM6,REF957
SP534,Asia,RLM11,REF957
SP534,Asia,RLM10,REF957
SP534,Asia,RLM11,REF1096
SP534,Asia,RLM6,REF1096
SP535,Europe,RLM11,REF957
SP535,Africa,RLM8,REF957
SP536,Europe,RLM11,REF683
SP536,Africa,RLM8,REF683
SP537,Africa,RLM3,REF225
SP537,Australia,RLM2,REF225
SP537,Africa,RLM4,REF225
SP537,Asia,RLM6,REF225
SP537,Asia,RLM11,REF225
SP537,Asia,RLM10,REF225
SP538,Asia,RLM6,REF534
SP538,Asia,RLM6,REF760
SP538,Asia,RLM6,REF244
SP538,Asia,RLM10,REF970
SP539,Africa,RLM3,REF649
SP539,Asia,RLM6,REF649
SP539,Asia,RLM11,REF649
SP539,Europe,RLM11,REF649
SP539,Africa,RLM8,REF649
SP539,Asia,RLM10,REF649
SP539,Europe,RLM11,REF1096
SP540,Europe,RLM11,REF566
SP540,Europe,RLM11,REF1096
SP541,Asia,RLM11,REF691
SP541,Europe,RLM11,REF691
SP541,Europe,RLM11,REF394
SP541,Africa,RLM8,REF691
SP541,Asia,RLM8,REF691
SP541,Europe,RLM11,REF1096
SP542,Africa,RLM3,REF100
SP542,Africa,RLM4,REF100
SP542,Asia,RLM6,REF100
SP543,North America,RLM9,REF558
SP543,South America,RLM1,REF558
SP543,South America,RLM1,REF131
SP543,North America,RLM7,REF131
SP543,South America,RLM7,REF131
SP543,North America,RLM7,REF558
SP543,South America,RLM7,REF558
SP544,Africa,RLM3,REF1063
SP544,Australia,RLM2,REF1063
SP544,Oceania,RLM2,REF1063
SP544,Africa,RLM4,REF1063
SP544,Oceania,,REF1063
SP544,Asia,RLM6,REF1063
SP544,Asia,RLM11,REF1063
SP544,Europe,RLM11,REF1063
SP544,Africa,RLM8,REF1063
SP544,Asia,RLM8,REF1063
SP544,Asia,RLM10,REF1063
SP544,Europe,RLM11,REF1096
SP544,Asia,RLM6,REF1096
SP544,Africa,RLM3,REF1096
SP544,Australia,RLM2,REF1096
SP545,Africa,RLM3,REF209
SP545,Australia,RLM2,REF209
SP545,Asia,RLM6,REF209
SP545,Asia,RLM11,REF209
SP545,Asia,RLM10,REF209
SP545,Africa,RLM3,REF285
SP545,Asia,RLM6,REF285
SP545,Australia,RLM2,REF285
SP545,Oceania,,REF285
SP545,Asia,RLM11,REF1096
SP545,Asia,RLM6,REF1096
SP545,Africa,RLM3,REF1096
SP545,Australia,RLM2,REF1096
SP1090,Asia,RLM6,REF840
SP1090,Australia,RLM2,REF840
SP1090,Oceania,,REF840
SP546,South America,RLM1,REF974
SP546,South America,RLM1,REF1096
SP1197,North America,RLM9,REF1218
SP1197,South America,RLM1,REF1218
SP1197,South America,RLM7,REF1218
SP1197,North America,RLM9,REF1096
SP549,Australia,RLM2,REF493
SP549,Australia,RLM2,REF1096
SP550,North America,RLM9,REF1123
SP550,North America,RLM9,REF1096
SP550,South America,RLM1,REF1096
SP1198,North America,RLM9,REF1200
SP1198,South America,RLM1,REF1096
SP551,South America,RLM1,REF518
SP551,South America,RLM1,REF1096
SP552,Africa,RLM3,REF284
SP552,Asia,RLM6,REF284
SP552,Asia,RLM11,REF284
SP552,Europe,RLM11,REF284
SP552,Africa,RLM8,REF284
SP552,Asia,RLM10,REF284
SP552,Europe,RLM11,REF1096
SP552,Asia,RLM11,REF1096
SP553,North America,RLM9,REF227
SP553,South America,RLM1,REF227
SP553,North America,RLM7,REF227
SP553,South America,RLM7,REF227
SP554,South America,RLM1,REF953
SP554,South America,RLM1,REF1096
SP555,Asia,RLM11,REF274
SP555,Europe,RLM11,REF274
SP555,Europe,RLM11,REF1096
SP556,Europe,RLM11,REF234
SP557,Africa,RLM3,REF894
SP557,Africa,RLM4,REF894
SP557,Asia,RLM6,REF894
SP558,North America,RLM9,REF451
SP558,South America,RLM1,REF273
SP558,North America,RLM7,REF273
SP558,North America,RLM9,REF1096
SP559,Australia,RLM2,REF1061
SP559,North America,RLM9,REF1061
SP559,Oceania,,REF1061
SP559,Asia,RLM6,REF1061
SP559,Asia,RLM6,REF957
SP559,Asia,RLM11,REF957
SP559,Asia,RLM10,REF1061
SP559,Asia,RLM10,REF957
SP559,Europe,RLM11,REF1096
SP559,Asia,RLM11,REF1096
SP559,Asia,RLM6,REF1096
SP559,Australia,RLM2,REF1096
SP560,North America,RLM9,REF1123
SP560,South America,RLM1,REF1123
SP560,North America,RLM7,REF1123
SP560,South America,RLM1,REF1096
SP561,South America,RLM1,REF713
SP561,South America,RLM1,REF1096
SP562,Asia,RLM11,REF1069
SP562,Europe,RLM11,REF1069
SP562,Africa,RLM8,REF1069
SP1108,Africa,RLM3,REF576
SP1108,Australia,RLM2,REF576
SP1108,Asia,RLM6,REF576
SP1108,Europe,RLM11,REF576
SP1108,Europe,RLM11,REF656
SP1108,Africa,RLM8,REF576
SP1108,Africa,RLM8,REF656
SP1108,Africa,RLM3,REF656
SP1108,Africa,RLM4,REF656
SP1108,Asia,RLM8,REF656
SP1108,Asia,RLM6,REF656
SP1108,Australia,RLM2,REF656
SP1200,Australia,RLM2,REF510
SP1200,Oceania,,REF510
SP1200,Asia,RLM6,REF510
SP1200,Asia,RLM10,REF510
SP1200,Asia,RLM11,REF1096
SP1200,Asia,RLM6,REF1096
SP564,Europe,RLM11,REF683
SP564,Africa,RLM8,REF683
SP564,Europe,RLM11,REF1096
SP564,Asia,RLM11,REF1096
SP566,Asia,RLM6,REF828
SP566,Asia,RLM10,REF747
SP566,Asia,RLM11,REF747
SP1285,South America,RLM1,REF1127
SP1316,Africa,RLM3,REF335
SP1316,Africa,RLM4,REF335
SP1316,Europe,RLM11,REF335
SP1316,Africa,RLM8,REF335
SP569,Asia,RLM6,REF804
SP569,Asia,RLM6,REF865
SP569,Asia,RLM10,REF865
SP569,Asia,RLM6,REF1096
SP570,Asia,RLM11,REF1165
SP570,Europe,RLM11,REF1165
SP570,Europe,RLM11,REF162
SP570,Asia,RLM10,REF1165
SP570,Europe,RLM11,REF1096
SP1203,North America,RLM9,REF424
SP1203,South America,RLM1,REF424
SP1203,North America,RLM7,REF424
SP1203,South America,RLM1,REF1096
SP571,Asia,RLM11,REF74
SP571,Europe,RLM11,REF740
SP571,Europe,RLM11,REF1096
SP571,Asia,RLM11,REF1096
SP572,North America,RLM9,REF533
SP572,South America,RLM1,REF533
SP572,North America,RLM7,REF533
SP572,North America,RLM9,REF1096
SP1282,Africa,RLM3,REF248
SP1282,Australia,RLM2,REF615
SP1282,Australia,RLM2,REF248
SP1282,Africa,RLM4,REF248
SP1282,Oceania,,REF248
SP1282,Asia,RLM6,REF615
SP1282,Asia,RLM6,REF248
SP1282,Asia,RLM11,REF615
SP1282,Asia,RLM8,REF248
SP1282,Asia,RLM10,REF248
SP574,Europe,RLM11,REF583
SP575,South America,RLM1,REF358
SP575,South America,RLM1,REF1096
SP577,North America,RLM9,REF1155
SP577,North America,RLM9,REF1096
SP1109,Africa,RLM3,REF1225
SP1109,Australia,RLM2,REF1225
SP1109,Oceania,,REF1225
SP1109,Asia,RLM6,REF1225
SP1109,Asia,RLM6,REF1096
SP578,Africa,RLM3,REF201
SP578,Australia,RLM2,REF201
SP578,Africa,RLM4,REF201
SP578,Oceania,,REF201
SP578,Asia,RLM6,REF201
SP578,Asia,RLM11,REF201
SP578,Europe,RLM11,REF201
SP578,Africa,RLM8,REF201
SP578,Asia,RLM8,REF201
SP578,Asia,RLM10,REF201
SP579,North America,RLM9,REF152
SP579,South America,RLM1,REF152
SP579,Oceania,,REF152
SP579,North America,RLM7,REF152
SP579,South America,RLM7,REF152
SP579,South America,RLM1,REF1096
SP580,Asia,RLM11,REF890
SP580,Europe,RLM11,REF890
SP1322,Africa,RLM3,REF1226
SP1322,Australia,RLM2,REF1226
SP1322,Africa,RLM4,REF1226
SP1322,Oceania,,REF1226
SP1322,Asia,RLM6,REF1226
SP1322,Asia,RLM10,REF1226
SP1322,Asia,RLM6,REF1096
SP1322,Africa,RLM3,REF1096
SP581,Europe,RLM11,REF1008
SP581,Asia,RLM11,REF1008
SP582,Asia,RLM11,REF957
SP582,Europe,RLM11,REF957
SP582,Africa,RLM8,REF957
SP1206,Asia,RLM6,
SP1206,Asia,RLM6,REF1096
SP1082,Asia,RLM11,REF1123
SP1082,Europe,RLM11,REF1123
SP1082,Europe,RLM11,REF1002
SP583,Asia,RLM11,REF1117
SP583,Asia,RLM11,REF1120
SP583,Europe,RLM11,REF1120
SP583,Europe,RLM11,REF1117
SP583,Africa,RLM8,REF1120
SP583,Asia,RLM8,REF1120
SP1207,North America,RLM9,REF1123
SP1207,North America,RLM9,REF943
SP584,Asia,RLM6,REF1019
SP584,Asia,RLM6,REF1096
SP585,Europe,RLM11,REF378
SP586,Australia,RLM2,
SP586,Australia,RLM2,REF1096
SP587,North America,RLM9,REF141
SP587,North America,RLM9,REF1096
SP588,Asia,RLM6,REF741
SP589,South America,RLM1,REF957
SP589,North America,RLM9,REF1096
SP589,South America,RLM1,REF1096
SP1209,Asia,RLM6,REF639
SP590,Europe,RLM11,REF550
SP592,Europe,RLM11,REF1135
SP592,Asia,RLM11,REF1135
SP592,Asia,RLM6,REF1135
SP592,Asia,RLM10,REF1135
SP593,Africa,RLM3,REF286
SP593,Australia,RLM2,REF286
SP593,Oceania,RLM2,REF286
SP593,Africa,RLM4,REF286
SP593,North America,RLM9,REF286
SP593,Oceania,RLM9,REF286
SP593,Oceania,,REF286
SP593,Asia,RLM6,REF286
SP593,Asia,RLM11,REF286
SP593,Europe,RLM11,REF286
SP593,Africa,RLM8,REF286
SP593,Asia,RLM8,REF286
SP593,Asia,RLM10,REF286
SP593,North America,RLM7,REF286
SP593,Europe,RLM11,REF1096
SP593,Asia,RLM11,REF1096
SP593,Asia,RLM6,REF1096
SP593,Africa,RLM3,REF1096
SP593,Australia,RLM2,REF1096
SP1317,Africa,RLM4,REF473
SP1317,Oceania,,REF473
SP1317,Asia,RLM6,REF473
SP1317,Asia,RLM10,REF473
SP598,North America,RLM9,REF388
SP598,South America,RLM1,REF388
SP598,South America,RLM1,REF260
SP598,North America,RLM7,REF388
SP598,North America,RLM7,REF260
SP598,North America,RLM9,REF1096
SP598,South America,RLM1,REF1096
SP601,Asia,RLM11,REF219
SP601,Europe,RLM11,REF820
SP601,Asia,RLM10,REF820
SP601,Asia,RLM10,REF219
SP602,Asia,RLM6,REF1096
SP603,Australia,RLM2,REF493
SP603,Australia,RLM2,REF1096
SP604,Australia,RLM2,REF857
SP604,Australia,RLM2,REF1096
SP605,Australia,RLM2,REF495
SP605,Australia,RLM2,REF1096
SP606,Asia,RLM11,REF1002
SP606,Asia,RLM6,REF1002
SP608,Australia,RLM2,REF493
SP608,Australia,RLM2,REF1096
SP609,Asia,RLM6,REF537
SP609,Asia,RLM10,REF537
SP609,Asia,RLM6,REF1096
SP610,Europe,RLM11,REF1096
SP611,North America,RLM9,REF68
SP611,South America,RLM1,REF68
SP611,North America,RLM7,REF68
SP611,South America,RLM1,REF1096
SP1288,South America,RLM1,REF358
SP612,Asia,RLM6,REF806
SP612,Asia,RLM11,REF806
SP612,Asia,RLM8,REF806
SP612,Asia,RLM10,REF806
SP614,Asia,RLM6,REF840
SP614,Asia,RLM11,REF840
SP614,Europe,RLM11,REF840
SP614,Asia,RLM10,REF840
SP614,Asia,RLM11,REF1096
SP614,Australia,RLM2,REF1096
SP614,Oceania,,REF1096
SP1214,Asia,RLM6,REF1206
SP1214,Asia,RLM10,REF1206
SP1214,Asia,RLM11,REF1096
SP1214,Asia,RLM6,REF1096
SP615,Australia,RLM2,REF696
SP615,Asia,RLM6,REF696
SP615,Asia,RLM8,REF696
SP615,Asia,RLM10,REF696
SP615,Asia,RLM11,REF1096
SP615,Asia,RLM6,REF1096
SP615,Africa,RLM3,REF1096
SP616,North America,RLM9,REF476
SP616,South America,RLM1,REF881
SP616,South America,RLM1,REF476
SP616,North America,RLM7,REF881
SP616,North America,RLM7,REF476
SP616,South America,RLM7,REF881
SP617,Asia,RLM11,REF637
SP617,Asia,RLM10,REF637
SP617,Asia,RLM10,REF1140
SP617,Europe,RLM11,REF1096
SP618,Africa,RLM3,REF229
SP618,Africa,RLM4,REF421
SP618,Africa,RLM8,REF229
SP618,Africa,RLM4,REF229
SP619,North America,RLM9,REF891
SP619,Asia,RLM11,REF993
SP619,Europe,RLM11,REF993
SP619,Europe,RLM11,REF1002
SP620,Asia,RLM11,REF152
SP620,Europe,RLM11,REF152
SP620,Asia,RLM8,REF152
SP620,Asia,RLM10,REF152
SP621,Asia,RLM6,REF642
SP621,Asia,RLM11,REF157
SP621,Europe,RLM11,REF157
SP621,Africa,RLM8,REF642
SP621,Europe,RLM11,REF1096
SP622,Europe,RLM11,REF365
SP622,Europe,RLM11,REF1096
SP624,South America,RLM1,REF1002
SP625,North America,RLM9,REF469
SP625,South America,RLM1,REF469
SP625,North America,RLM7,REF469
SP625,North America,RLM9,REF1096
SP625,South America,RLM1,REF1096
SP1215,Oceania,,REF1096
SP1216,North America,RLM9,REF718
SP1216,South America,RLM1,REF718
SP626,North America,RLM7,REF358
SP626,South America,RLM1,REF1096
SP627,Europe,RLM11,REF255
SP627,Europe,RLM11,REF683
SP627,Africa,RLM8,REF683
SP628,North America,RLM7,REF358
SP628,South America,RLM1,REF1096
SP629,Asia,RLM11,REF393
SP629,Europe,RLM11,REF393
SP629,Africa,RLM8,REF393
SP629,Asia,RLM8,REF393
SP629,Asia,RLM10,REF393
SP629,Europe,RLM11,REF1096
SP631,Europe,RLM11,REF394
SP632,North America,RLM9,REF270
SP632,North America,RLM9,REF1096
SP1217,North America,RLM9,REF1123
SP1217,South America,RLM1,REF1123
SP1217,North America,RLM7,REF1123
SP1217,North America,RLM9,REF1096
SP633,North America,RLM9,REF409
SP634,Asia,RLM11,REF864
SP634,Europe,RLM11,REF864
SP634,North America,RLM9,REF1096
SP634,Europe,RLM11,REF1096
SP634,Asia,RLM11,REF1096
SP636,Africa,RLM3,REF957
SP636,Africa,RLM8,REF168
SP636,Africa,RLM8,REF957
SP636,Africa,RLM3,REF1096
SP637,Asia,RLM6,REF1184
SP637,Asia,RLM6,REF1185
SP637,Asia,RLM10,REF1184
SP638,North America,RLM9,REF3
SP638,South America,RLM1,REF3
SP638,North America,RLM7,REF3
SP638,North America,RLM9,REF1096
SP638,South America,RLM1,REF1096
SP639,Asia,RLM6,REF886
SP639,Asia,RLM11,REF886
SP639,Asia,RLM11,REF1188
SP639,Europe,RLM11,REF886
SP639,Europe,RLM11,REF1188
SP639,Africa,RLM8,REF886
SP639,Asia,RLM8,REF886
SP639,Asia,RLM10,REF886
SP639,Asia,RLM10,REF1188
SP639,Europe,RLM11,REF1096
SP640,Asia,RLM6,REF152
SP640,Asia,RLM11,REF152
SP640,Asia,RLM10,REF152
SP641,Asia,RLM6,REF152
SP641,Asia,RLM11,REF152
SP641,Europe,RLM11,REF152
SP641,Asia,RLM10,REF152
SP642,Asia,RLM6,REF604
SP642,Asia,RLM6,REF517
SP642,Asia,RLM6,REF1096
SP643,North America,RLM9,REF511
SP643,South America,RLM1,REF511
SP643,North America,RLM7,REF511
SP644,Asia,RLM11,REF683
SP644,Europe,RLM11,REF957
SP644,Asia,RLM10,REF683
SP644,Asia,RLM6,REF683
SP647,Australia,RLM2,REF497
SP647,Australia,RLM2,REF1096
SP648,North America,RLM7,REF358
SP648,South America,RLM1,REF1096
SP1310,Asia,RLM6,REF883
SP1310,Asia,RLM11,REF883
SP1310,Asia,RLM10,REF883
SP1310,Asia,RLM6,REF1096
SP649,North America,RLM9,REF471
SP649,South America,RLM1,REF471
SP649,North America,RLM7,REF471
SP649,South America,RLM7,REF471
SP650,North America,RLM9,REF236
SP651,North America,RLM9,REF107
SP651,South America,RLM1,REF587
SP651,North America,RLM7,REF587
SP651,South America,RLM7,REF587
SP651,North America,RLM9,REF587
SP654,Europe,RLM11,REF1096
SP654,Asia,RLM11,REF1096
SP654,Asia,RLM6,REF1096
SP656,Asia,RLM6,REF12
SP656,Asia,RLM11,REF12
SP656,Asia,RLM10,REF12
SP656,South America,RLM1,REF1096
SP656,Asia,RLM6,REF1096
SP1221,North America,RLM9,REF645
SP1221,South America,RLM1,REF645
SP1221,North America,RLM7,REF645
SP1221,South America,RLM1,REF1096
SP658,Africa,RLM3,REF387
SP658,North America,RLM9,REF387
SP658,South America,RLM1,REF387
SP658,Asia,RLM6,REF387
SP658,North America,RLM7,REF387
SP658,Africa,RLM8,REF387
SP658,Asia,RLM8,REF387
SP658,Asia,RLM10,REF387
SP658,South America,RLM1,REF1096
SP658,Asia,RLM6,REF1096
SP658,Africa,RLM3,REF1096
SP1222,North America,RLM9,REF1096
SP659,North America,RLM9,REF1006
SP659,North America,RLM9,REF1096
SP660,North America,RLM9,REF1123
SP660,North America,RLM9,REF445
SP661,North America,RLM9,REF843
SP661,North America,RLM9,REF61
SP661,North America,RLM9,REF1096
SP1223,Africa,RLM3,REF298
SP1223,Africa,RLM3,REF1096
SP662,Australia,RLM2,REF1176
SP662,Australia,RLM2,REF1096
SP663,Europe,RLM11,REF219
SP663,Europe,RLM11,REF1096
SP1224,North America,RLM9,REF854
SP1224,South America,RLM1,REF854
SP1224,North America,RLM7,REF854
SP1224,South America,RLM7,REF854
SP665,Asia,RLM11,REF571
SP665,Europe,RLM11,REF571
SP665,Europe,RLM11,REF1096
SP665,Asia,RLM11,REF1096
SP666,Europe,RLM11,REF415
SP666,Europe,RLM11,REF1096
SP1083,Asia,RLM10,REF1025
SP1083,Asia,RLM6,REF1025
SP668,Asia,RLM11,REF1123
SP668,Europe,RLM11,REF1123
SP668,Africa,RLM8,REF1123
SP668,Europe,RLM11,REF1096
SP668,Asia,RLM11,REF1096
SP1290,Africa,RLM3,REF254
SP1290,Africa,RLM4,REF254
SP1290,Africa,RLM8,REF254
SP669,Europe,RLM11,REF1002
SP669,Asia,RLM11,REF1002
SP670,Europe,RLM11,REF1002
SP670,Asia,RLM11,REF1002
SP671,Europe,RLM11,REF1002
SP672,Europe,RLM11,REF1002
SP673,Europe,RLM11,REF1002
SP1227,South America,RLM1,REF620
SP1227,South America,RLM1,REF195
SP1227,South America,RLM1,REF1096
SP674,Asia,RLM6,REF294
SP674,Asia,RLM11,REF294
SP674,Asia,RLM11,REF998
SP674,Asia,RLM10,REF294
SP674,Asia,RLM10,REF998
SP674,Asia,RLM11,REF1096
SP1303,Europe,RLM11,REF584
SP675,Australia,RLM2,REF493
SP675,Australia,RLM2,REF1096
SP676,North America,RLM9,REF1096
SP677,Australia,RLM2,REF1096
SP679,Asia,RLM11,REF1002
SP1228,Australia,RLM2,REF1227
SP1228,Oceania,RLM2,REF1227
SP1228,Oceania,,REF1227
SP1228,Australia,RLM2,REF1096
SP680,North America,RLM9,REF1096
SP681,Europe,RLM11,REF85
SP681,Europe,RLM11,REF1096
SP682,North America,RLM9,REF821
SP682,North America,RLM7,REF821
SP682,South America,RLM1,REF1096
SP683,Australia,RLM2,REF493
SP683,Australia,RLM2,REF1096
SP1229,North America,RLM9,REF648
SP1229,South America,RLM1,REF648
SP1229,South America,RLM7,REF648
SP1229,North America,RLM7,REF648
SP684,Australia,RLM2,REF1036
SP684,Australia,RLM2,REF1096
SP685,Australia,RLM2,REF1094
SP685,Australia,RLM2,REF1096
SP686,Africa,RLM3,REF992
SP686,Africa,RLM3,REF666
SP686,Africa,RLM4,REF666
SP688,Africa,RLM3,REF627
SP688,Africa,RLM4,REF627
SP688,Asia,RLM6,REF627
SP688,Asia,RLM8,REF627
SP690,Australia,RLM2,REF516
SP690,Asia,RLM6,REF516
SP690,Asia,RLM11,REF1096
SP691,North America,RLM9,REF152
SP691,South America,RLM1,REF152
SP691,Europe,RLM11,REF152
SP691,North America,RLM7,REF152
SP691,South America,RLM7,REF152
SP691,North America,RLM9,REF1096
SP691,South America,RLM1,REF1096
SP692,Asia,RLM6,REF1002
SP692,Australia,RLM2,REF1002
SP693,Australia,RLM2,REF289
SP693,Oceania,,REF289
SP693,Asia,RLM6,REF289
SP694,Europe,RLM11,REF1096
SP695,Europe,RLM11,REF1096
SP697,Europe,RLM11,REF368
SP697,Asia,RLM11,REF368
SP698,Europe,RLM11,REF1002
SP698,Africa,RLM8,REF1002
SP698,Asia,RLM11,REF1002
SP698,North America,RLM9,REF1002
SP699,North America,RLM9,REF935
SP699,South America,RLM1,REF935
SP699,South America,RLM1,REF610
SP699,North America,RLM9,REF1096
SP699,South America,RLM1,REF1096
SP700,North America,RLM9,REF223
SP700,South America,RLM1,REF223
SP700,North America,RLM7,REF223
SP700,South America,RLM1,REF1096
SP701,North America,RLM9,REF160
SP701,North America,RLM7,REF160
SP701,South America,RLM1,REF1096
SP703,Africa,RLM8,REF683
SP703,Africa,RLM3,REF1096
SP704,Australia,RLM2,REF730
SP704,Australia,RLM2,REF1024
SP704,Asia,RLM6,REF111
SP704,Asia,RLM6,REF1024
SP704,Asia,RLM6,REF730
SP704,Oceania,,REF730
SP704,Asia,RLM6,REF1096
SP704,Australia,RLM2,REF1096
SP705,North America,RLM9,REF907
SP705,North America,RLM7,REF907
SP705,South America,RLM7,REF907
SP705,South America,RLM1,REF1096
SP706,Asia,RLM11,REF369
SP706,Europe,RLM11,REF369
SP706,Africa,RLM8,REF369
SP706,Asia,RLM8,REF369
SP707,North America,RLM9,REF371
SP707,Asia,RLM11,REF371
SP707,Europe,RLM11,REF371
SP707,Europe,RLM11,REF1096
SP708,South America,RLM1,REF1035
SP709,Asia,RLM6,REF950
SP709,Asia,RLM11,REF950
SP709,Asia,RLM10,REF950
SP710,Asia,RLM11,REF819
SP710,Europe,RLM11,REF819
SP710,Europe,RLM11,REF1096
SP711,Europe,RLM11,REF126
SP711,Europe,RLM11,REF1096
SP712,Europe,RLM11,REF129
SP712,Africa,RLM8,REF129
SP712,Europe,RLM11,REF1096
SP712,Asia,RLM11,REF1096
SP713,Europe,RLM11,REF773
SP713,Europe,RLM11,REF1096
SP1231,Europe,RLM11,REF1096
SP1231,Asia,RLM11,REF1096
SP1231,Asia,RLM6,REF1096
SP1231,Africa,RLM3,REF1096
SP1279,North America,RLM9,REF299
SP1279,South America,RLM1,REF299
SP1279,North America,RLM7,REF299
SP1279,South America,RLM7,REF299
SP714,Asia,RLM11,REF1085
SP714,Europe,RLM11,REF1085
SP714,Europe,RLM11,REF394
SP714,Asia,RLM8,REF1085
SP714,Europe,RLM11,REF1096
SP714,Asia,RLM11,REF1096
SP715,Asia,RLM11,REF151
SP715,Europe,RLM11,REF394
SP715,Asia,RLM10,REF151
SP715,Europe,RLM11,REF1096
SP715,Asia,RLM11,REF1096
SP716,Australia,RLM2,REF493
SP716,Australia,RLM2,REF1096
SP721,Asia,RLM6,REF171
SP721,Asia,RLM10,REF171
SP721,Asia,RLM6,REF1096
SP723,Europe,RLM11,REF233
SP723,Africa,RLM8,REF233
SP723,Europe,RLM11,REF1096
SP724,Europe,RLM11,REF957
SP724,Europe,RLM11,REF1096
SP725,Africa,RLM4,REF1182
SP725,North America,RLM9,REF1182
SP725,North America,RLM7,REF1182
SP725,South America,RLM1,REF1096
SP726,South America,RLM1,REF1096
SP727,Europe,RLM11,REF1096
SP728,Asia,RLM11,REF250
SP728,Europe,RLM11,REF250
SP728,Africa,RLM8,REF250
SP728,Europe,RLM11,REF1096
SP731,Europe,RLM11,REF1123
SP732,South America,RLM1,REF1096
SP733,Africa,RLM3,REF235
SP733,Europe,RLM11,REF235
SP733,Europe,RLM11,REF1096
SP734,Asia,RLM11,REF785
SP734,Europe,RLM11,REF785
SP734,Europe,RLM11,REF1096
SP735,Asia,RLM11,REF127
SP735,Europe,RLM11,REF127
SP735,Europe,RLM11,REF1096
SP736,Australia,RLM2,REF401
SP736,Asia,RLM6,REF401
SP737,Africa,RLM3,REF650
SP737,Africa,RLM4,REF650
SP737,North America,RLM9,REF650
SP737,South America,RLM1,REF650
SP737,Asia,RLM6,REF650
SP737,North America,RLM7,REF650
SP737,Asia,RLM6,REF1096
SP739,Oceania,,REF1226
SP739,Asia,RLM6,REF1226
SP739,Asia,RLM11,REF1096
SP739,Asia,RLM6,REF1096
SP740,Asia,RLM11,REF27
SP740,Europe,RLM11,REF27
SP740,Europe,RLM11,REF957
SP740,Africa,RLM8,REF27
SP740,Asia,RLM10,REF27
SP740,Europe,RLM11,REF1096
SP1110,Australia,RLM2,REF514
SP1110,Oceania,,REF514
SP1110,Asia,RLM6,REF514
SP1110,Asia,RLM6,REF1096
SP1110,Australia,RLM2,REF1096
SP741,Africa,RLM3,REF840
SP741,Asia,RLM6,REF840
SP741,Asia,RLM11,REF840
SP741,Europe,RLM11,REF840
SP741,Africa,RLM8,REF840
SP741,Asia,RLM10,REF840
SP741,Africa,RLM4,REF840
SP741,Asia,RLM11,REF1096
SP741,Asia,RLM6,REF1096
SP741,Africa,RLM3,REF1096
SP741,Australia,RLM2,REF1096
SP742,Oceania,,REF840
SP742,Asia,RLM6,REF840
SP742,Asia,RLM6,REF1096
SP742,Australia,RLM2,REF1096
SP743,Asia,RLM6,REF687
SP1233,Oceania,,REF1227
SP1233,Oceania,,REF1096
SP744,Australia,RLM2,REF1179
SP744,Australia,RLM2,REF1096
SP745,Australia,RLM2,REF354
SP745,Africa,RLM3,REF1096
SP745,Australia,RLM2,REF1096
SP746,Oceania,,REF703
SP746,Oceania,,REF1096
SP747,Africa,RLM3,REF152
SP747,Africa,RLM4,REF152
SP747,South America,RLM1,REF152
SP747,Africa,RLM3,REF1096
SP748,Australia,RLM2,REF498
SP748,Australia,RLM2,REF1096
SP749,Africa,RLM3,REF514
SP749,Asia,RLM6,REF514
SP749,Asia,RLM6,REF1096
SP749,Africa,RLM3,REF1096
SP1234,Asia,RLM6,REF443
SP1234,Asia,RLM11,REF443
SP1234,Asia,RLM10,REF443
SP1234,Asia,RLM11,REF1096
SP750,Asia,RLM11,REF367
SP750,Europe,RLM11,REF367
SP750,Europe,RLM11,REF1096
SP753,Africa,RLM3,REF661
SP753,Asia,RLM6,REF661
SP753,Africa,RLM8,REF661
SP753,Asia,RLM8,REF661
SP753,Europe,RLM11,REF1096
SP755,Australia,RLM2,REF800
SP755,Oceania,,REF800
SP755,Asia,RLM6,REF800
SP755,Asia,RLM11,REF800
SP755,Asia,RLM10,REF800
SP755,Asia,RLM11,REF1096
SP755,Asia,RLM6,REF1096
SP755,Australia,RLM2,REF1096
SP756,Europe,RLM11,REF798
SP756,Asia,RLM8,REF798
SP756,Europe,RLM11,REF1096
SP758,Asia,RLM6,REF840
SP758,Asia,RLM6,REF1096
SP758,Australia,RLM2,REF1096
SP1291,Asia,RLM6,REF152
SP1291,Asia,RLM10,REF152
SP759,North America,RLM7,REF888
SP759,South America,RLM1,REF1096
SP761,North America,RLM9,REF1002
SP761,South America,RLM1,REF1002
SP762,South America,RLM1,REF470
SP762,North America,RLM7,REF470
SP762,South America,RLM1,REF1096
SP763,South America,RLM1,REF1204
SP763,Europe,RLM11,REF1204
SP763,Africa,RLM8,REF1204
SP763,Asia,RLM10,REF1204
SP763,Africa,RLM3,REF1204
SP763,Africa,RLM10,REF1204
SP763,Asia,RLM6,REF1204
SP764,Asia,RLM6,REF797
SP764,Asia,RLM11,REF797
SP764,Asia,RLM10,REF797
SP764,Europe,RLM11,REF1096
SP765,Asia,RLM11,REF391
SP765,Europe,RLM11,REF391
SP765,Asia,RLM8,REF391
SP765,Asia,RLM10,REF391
SP765,Europe,RLM11,REF1096
SP1235,Africa,RLM3,REF248
SP1235,Asia,RLM6,REF248
SP1235,Africa,RLM8,REF248
SP1235,Asia,RLM6,REF1096
SP766,Australia,RLM2,REF495
SP766,Australia,RLM2,REF1096
SP767,Africa,RLM3,REF152
SP767,Africa,RLM4,REF152
SP767,Asia,RLM8,REF152
SP767,Asia,RLM6,REF152
SP768,Australia,RLM2,REF937
SP768,Oceania,,REF937
SP768,Asia,RLM6,REF937
SP768,Asia,RLM11,REF937
SP768,Asia,RLM8,REF937
SP768,Asia,RLM10,REF937
SP769,Asia,RLM6,REF411
SP769,Asia,RLM10,REF411
SP769,Asia,RLM11,REF411
SP770,Asia,RLM6,REF444
SP770,Asia,RLM8,REF444
SP770,Asia,RLM10,REF444
SP770,Asia,RLM6,REF989
SP770,Asia,RLM10,REF989
SP770,Asia,RLM11,REF989
SP771,Oceania,RLM9,REF537
SP771,Oceania,,REF537
SP771,Asia,RLM6,REF537
SP771,Asia,RLM11,REF537
SP771,Asia,RLM10,REF537
SP771,Asia,RLM11,REF1096
SP772,Asia,RLM11,REF983
SP772,Europe,RLM11,REF983
SP773,Asia,RLM6,REF1013
SP773,Asia,RLM10,REF1013
SP773,Asia,RLM10,REF1002
SP773,Asia,RLM6,REF1002
SP773,Europe,RLM11,REF1096
SP773,Asia,RLM11,REF1096
SP773,Asia,RLM6,REF1096
SP774,Asia,RLM11,REF1220
SP774,Europe,RLM11,REF782
SP775,Oceania,,REF675
SP775,Asia,RLM6,REF675
SP775,Asia,RLM6,REF1096
SP1313,North America,RLM9,REF557
SP778,Asia,RLM6,REF957
SP778,Asia,RLM6,REF1096
SP779,Australia,RLM2,REF172
SP779,Asia,RLM6,REF172
SP779,Asia,RLM10,REF172
SP779,Asia,RLM6,REF1096
SP780,Africa,RLM3,REF138
SP780,Africa,RLM3,REF957
SP780,Australia,RLM2,REF138
SP780,Asia,RLM6,REF137
SP780,Asia,RLM6,REF138
SP780,Asia,RLM6,REF957
SP780,Asia,RLM11,REF957
SP780,Asia,RLM11,REF138
SP780,Asia,RLM8,REF138
SP780,Asia,RLM8,REF137
SP780,Asia,RLM10,REF138
SP780,Asia,RLM10,REF957
SP780,Asia,RLM11,REF1096
SP780,Asia,RLM6,REF1096
SP780,Africa,RLM3,REF1096
SP781,Africa,RLM3,REF957
SP781,Africa,RLM4,REF957
SP781,Asia,RLM6,REF957
SP781,Asia,RLM11,REF957
SP781,Asia,RLM10,REF957
SP781,Asia,RLM6,REF1096
SP781,Africa,RLM3,REF1096
SP782,North America,RLM9,REF957
SP782,North America,RLM9,REF1096
SP783,Australia,RLM2,REF913
SP783,Australia,RLM2,REF957
SP783,Oceania,,REF957
SP783,Asia,RLM6,REF913
SP783,Asia,RLM6,REF957
SP783,Australia,RLM2,REF1096
SP784,Asia,RLM6,REF1196
SP784,Asia,RLM11,REF1096
SP784,Asia,RLM6,REF1096
SP785,Europe,RLM11,REF754
SP785,Europe,RLM11,REF1096
SP786,Europe,RLM11,REF1096
SP787,Asia,RLM11,REF799
SP787,Europe,RLM11,REF1230
SP787,Europe,RLM11,REF799
SP787,Europe,RLM11,REF1096
SP789,Africa,RLM3,REF248
SP789,Africa,RLM4,REF248
SP789,Europe,RLM11,REF957
SP789,Africa,RLM8,REF957
SP789,Asia,RLM8,REF248
SP789,Africa,RLM3,REF957
SP1334,Australia,RLM2,REF1108
SP790,North America,RLM9,REF75
SP790,North America,RLM9,REF1096
SP792,North America,RLM9,REF605
SP792,South America,RLM1,REF605
SP792,North America,RLM7,REF605
SP792,South America,RLM7,REF605
SP792,South America,RLM1,REF1096
SP793,South America,RLM1,REF200
SP794,Australia,RLM2,REF1016
SP794,Australia,RLM2,REF1096
SP795,Asia,RLM11,REF694
SP795,Europe,RLM11,REF694
SP795,Europe,RLM11,REF1096
SP796,South America,RLM1,REF152
SP796,South America,RLM1,REF1096
SP1331,Oceania,,REF841
SP797,Asia,RLM6,REF714
SP797,Asia,RLM6,REF1096
SP797,Australia,RLM2,REF1096
SP800,Europe,RLM11,REF1208
SP800,Europe,RLM11,REF1096
SP801,Asia,RLM6,REF1011
SP801,Asia,RLM11,REF1096
SP801,Asia,RLM6,REF1096
SP803,Asia,RLM11,REF683
SP803,Europe,RLM11,REF683
SP803,Europe,RLM11,REF1096
SP804,Europe,RLM11,REF957
SP805,Australia,RLM2,REF301
SP805,Oceania,,REF301
SP805,Asia,RLM6,REF301
SP805,Asia,RLM6,REF1096
SP805,Africa,RLM3,REF1096
SP806,South America,RLM1,REF1096
SP1311,North America,RLM9,REF502
SP1311,North America,RLM9,REF1096
SP808,Europe,RLM11,REF574
SP808,Europe,RLM11,REF1096
SP1238,Asia,RLM11,REF1227
SP1238,Asia,RLM10,REF1227
SP809,Oceania,,REF636
SP809,Asia,RLM6,REF636
SP810,Asia,RLM11,REF784
SP810,Europe,RLM11,REF784
SP810,Europe,RLM11,REF1096
SP811,Australia,RLM2,REF840
SP811,Australia,RLM2,REF1096
SP812,Africa,RLM3,REF1227
SP812,Africa,RLM4,REF1227
SP812,Oceania,,REF1227
SP812,Asia,RLM6,REF1227
SP812,Europe,RLM11,REF1096
SP813,Africa,RLM3,REF1096
SP814,Australia,RLM2,REF382
SP814,Australia,RLM2,REF1096
SP815,South America,RLM1,REF436
SP815,North America,RLM7,REF436
SP815,North America,RLM9,REF436
SP1240,North America,RLM9,REF985
SP1240,South America,RLM1,REF985
SP1240,North America,RLM7,REF985
SP1240,North America,RLM9,REF1096
SP1240,South America,RLM1,REF1096
SP817,Australia,RLM2,REF737
SP818,Asia,RLM11,REF341
SP818,Europe,RLM11,REF341
SP819,South America,RLM1,REF98
SP821,South America,RLM1,REF631
SP821,South America,RLM1,REF1043
SP821,North America,RLM7,REF632
SP821,South America,RLM1,REF1096
SP822,Asia,RLM6,REF1102
SP822,Asia,RLM6,REF1096
SP823,North America,RLM9,REF1104
SP823,North America,RLM9,REF1096
SP825,Asia,RLM11,REF1088
SP825,Europe,RLM11,REF1088
SP825,Europe,RLM11,REF1096
SP826,Europe,RLM11,REF1096
SP827,Europe,RLM11,REF239
SP827,Europe,RLM11,REF957
SP828,Asia,RLM11,REF152
SP828,Europe,RLM11,REF152
SP828,Asia,RLM10,REF152
SP828,Asia,RLM11,REF1096
SP829,Europe,RLM11,REF957
SP830,Europe,RLM11,REF1088
SP830,Europe,RLM11,REF1096
SP830,Asia,RLM11,REF1096
SP830,Asia,RLM6,REF1096
SP832,Europe,RLM11,REF763
SP833,Europe,RLM11,REF1088
SP833,Africa,RLM8,REF1088
SP833,Europe,RLM11,REF1096
SP834,Europe,RLM11,REF1088
SP834,Europe,RLM11,REF683
SP834,Africa,RLM8,REF1088
SP834,Europe,RLM11,REF1096
SP835,Europe,RLM11,REF1082
SP835,Europe,RLM11,REF1096
SP837,North America,RLM7,REF68
SP837,South America,RLM1,REF1096
SP838,Asia,RLM11,REF367
SP838,Europe,RLM11,REF367
SP838,Europe,RLM11,REF1096
SP839,Asia,RLM6,REF537
SP839,Asia,RLM11,REF537
SP839,Asia,RLM10,REF537
SP839,Asia,RLM6,REF1096
SP840,Africa,RLM3,REF1122
SP840,Africa,RLM8,REF1122
SP840,Asia,RLM11,REF1119
SP840,Asia,RLM11,REF1122
SP840,Europe,RLM11,REF1119
SP840,Europe,RLM11,REF1122
SP840,Asia,RLM8,REF1119
SP840,Asia,RLM8,REF1122
SP840,Europe,RLM11,REF1096
SP840,Asia,RLM11,REF1096
SP841,North America,RLM9,REF650
SP841,South America,RLM1,REF650
SP841,North America,RLM7,REF650
SP841,North America,RLM9,REF1096
SP841,South America,RLM1,REF1096
SP842,North America,RLM9,REF650
SP842,South America,RLM1,REF650
SP842,North America,RLM7,REF650
SP842,North America,RLM9,REF1096
SP842,South America,RLM1,REF1096
SP843,Europe,RLM11,REF683
SP843,Europe,RLM11,REF1096
SP844,North America,RLM9,REF263
SP844,South America,RLM1,REF263
SP844,North America,RLM7,REF263
SP844,South America,RLM7,REF263
SP1243,North America,RLM9,REF328
SP1243,North America,RLM9,REF1096
SP846,Asia,RLM11,REF455
SP846,Europe,RLM11,REF455
SP846,Europe,RLM11,REF1096
SP847,Asia,RLM6,REF990
SP847,Asia,RLM11,REF990
SP847,Asia,RLM10,REF990
SP847,Asia,RLM10,REF990
SP847,Asia,RLM6,REF990
SP1245,North America,RLM9,REF1002
SP1245,South America,RLM1,REF366
SP1245,South America,RLM7,REF366
SP1245,North America,RLM7,REF1002
SP848,South America,RLM1,REF1096
SP849,Asia,RLM11,REF683
SP849,Europe,RLM11,REF1
SP850,Asia,RLM11,REF367
SP850,Europe,RLM11,REF367
SP850,Europe,RLM11,REF1096
SP850,Asia,RLM11,REF1096
SP1247,Australia,RLM2,REF514
SP1247,Oceania,,REF514
SP1247,Asia,RLM6,REF514
SP1247,Asia,RLM6,REF1096
SP851,Europe,RLM11,REF945
SP852,Australia,RLM2,REF1095
SP852,Australia,RLM2,REF1096
SP855,Asia,RLM11,REF1068
SP855,Europe,RLM11,REF1068
SP855,Africa,RLM8,REF1068
SP855,Asia,RLM8,REF1068
SP855,Europe,RLM11,REF1096
SP855,Asia,RLM11,REF1096
SP856,Australia,RLM2,REF493
SP856,Australia,RLM2,REF1096
SP857,South America,RLM1,REF300
SP857,South America,RLM1,REF1096
SP858,Africa,RLM3,REF957
SP858,North America,RLM9,REF957
SP858,Oceania,RLM9,REF957
SP858,South America,RLM1,REF957
SP858,Australia,,REF957
SP858,Oceania,,REF957
SP858,Asia,RLM6,REF957
SP858,North America,RLM7,REF957
SP858,South America,RLM1,REF1096
SP858,Asia,RLM6,REF1096
SP858,Africa,RLM3,REF1096
SP858,Oceania,,REF1096
SP859,Asia,RLM6,REF957
SP859,Asia,RLM11,REF957
SP859,Asia,RLM10,REF957
SP859,Asia,RLM11,REF1096
SP859,Asia,RLM6,REF1096
SP860,Europe,RLM11,REF1002
SP861,Australia,RLM2,REF493
SP861,Australia,RLM2,REF1096
SP862,Europe,RLM11,REF957
SP862,Africa,RLM8,REF683
SP863,Asia,RLM6,REF8
SP863,Asia,RLM11,REF1096
SP863,Asia,RLM6,REF1096
SP864,North America,RLM9,REF467
SP864,South America,RLM1,REF467
SP864,North America,RLM7,REF467
SP864,South America,RLM1,REF1096
SP865,Asia,RLM6,REF5
SP865,Asia,RLM11,REF5
SP865,Asia,RLM10,REF5
SP865,Asia,RLM11,REF1096
SP868,Oceania,RLM2,REF90
SP868,Oceania,,REF90
SP868,Australia,RLM2,REF1096
SP1254,Asia,RLM6,REF883
SP1254,Asia,RLM11,REF883
SP1254,Asia,RLM10,REF883
SP1254,Asia,RLM11,REF1096
SP1254,Asia,RLM6,REF1096
SP869,Europe,RLM11,REF823
SP869,Africa,RLM8,REF823
SP869,Europe,RLM11,REF1096
SP870,Asia,RLM6,REF957
SP870,Asia,RLM11,REF957
SP870,Asia,RLM10,REF957
SP870,Asia,RLM11,REF1096
SP870,Asia,RLM6,REF1096
SP871,Asia,RLM11,REF1137
SP871,Europe,RLM11,REF1137
SP871,Africa,RLM8,REF1137
SP871,Europe,RLM11,REF1096
SP872,North America,RLM9,REF80
SP872,South America,RLM1,REF80
SP872,North America,RLM7,REF80
SP872,South America,RLM1,REF1096
SP873,Africa,RLM3,REF575
SP873,Australia,RLM2,REF575
SP873,Oceania,,REF575
SP873,Asia,RLM6,REF575
SP873,Africa,RLM8,REF575
SP873,Asia,RLM8,REF575
SP873,Asia,RLM10,REF575
SP873,Oceania,RLM2,REF575
SP874,Europe,RLM11,REF1096
SP875,Africa,RLM3,REF949
SP875,South America,RLM1,REF949
SP875,Oceania,,REF949
SP875,Asia,RLM6,REF949
SP875,North America,RLM7,REF949
SP875,Asia,RLM10,REF949
SP875,Asia,RLM6,REF1096
SP875,Africa,RLM3,REF1096
SP875,Australia,RLM2,REF1096
SP876,South America,RLM1,REF1096
SP877,North America,RLM9,REF835
SP878,North America,RLM9,REF954
SP878,South America,RLM1,REF954
SP878,North America,RLM7,REF954
SP878,Asia,RLM11,REF1096
SP878,Asia,RLM6,REF1096
SP1084,Europe,RLM11,REF472
SP1084,Africa,RLM3,REF472
SP1084,Africa,RLM4,REF472
SP1084,Asia,RLM6,REF472
SP1084,Australia,RLM2,REF472
SP1091,Oceania,RLM2,REF280
SP880,Europe,RLM11,REF781
SP880,Africa,RLM8,REF781
SP880,Europe,RLM11,REF1096
SP881,North America,RLM9,REF903
SP882,Asia,RLM11,REF571
SP882,Europe,RLM11,REF571
SP882,Africa,RLM8,REF571
SP882,Europe,RLM11,REF1096
SP884,North America,RLM9,REF954
SP884,South America,RLM1,REF954
SP884,North America,RLM7,REF954
SP884,North America,RLM9,REF1096
SP884,South America,RLM1,REF1096
SP885,Asia,RLM11,REF728
SP885,Europe,RLM11,REF728
SP885,Europe,RLM11,REF1096
SP885,Asia,RLM11,REF1096
SP886,Asia,RLM6,REF1215
SP886,Asia,RLM11,REF1215
SP886,Europe,RLM11,REF1215
SP886,Europe,RLM11,REF957
SP886,Asia,RLM10,REF1215
SP886,Europe,RLM11,REF1096
SP888,Australia,RLM2,REF367
SP888,Europe,RLM11,REF1096
SP889,North America,RLM9,REF1002
SP890,North America,RLM9,REF379
SP891,Asia,RLM6,REF1002
SP891,Asia,RLM10,REF1002
SP892,North America,RLM9,REF650
SP892,South America,RLM1,REF650
SP892,South America,RLM1,REF248
SP892,North America,RLM7,REF248
SP892,North America,RLM7,REF199
SP892,South America,RLM7,REF199
SP892,North America,RLM9,REF199
SP892,South America,RLM1,REF199
SP1294,North America,RLM9,REF650
SP1294,South America,RLM1,REF650
SP1294,North America,RLM7,REF650
SP1294,South America,RLM7,REF650
SP894,North America,RLM9,REF607
SP894,South America,RLM1,REF607
SP894,North America,RLM7,REF607
SP894,North America,RLM9,REF1096
SP894,South America,RLM1,REF1096
SP895,Africa,RLM3,REF894
SP895,Australia,RLM2,REF894
SP895,Africa,RLM4,REF894
SP895,Asia,,REF894
SP895,Asia,RLM6,REF894
SP895,Asia,RLM8,REF894
SP896,Asia,RLM11,REF862
SP896,Asia,RLM10,REF862
SP896,Asia,RLM11,REF1096
SP896,Asia,RLM6,REF1096
SP897,Australia,RLM2,REF493
SP897,Australia,RLM2,REF1096
SP898,Europe,RLM11,REF531
SP899,Asia,RLM11,REF836
SP899,Asia,RLM10,REF836
SP899,Asia,RLM11,REF1096
SP1092,Australia,RLM2,REF486
SP900,Africa,RLM3,REF696
SP900,Africa,RLM8,REF696
SP900,Africa,RLM3,REF1096
SP1292,Asia,RLM11,REF957
SP1292,Asia,RLM11,REF1032
SP1292,Asia,RLM11,REF683
SP1292,Asia,RLM11,REF268
SP901,Asia,RLM11,REF1123
SP901,Europe,RLM11,REF1123
SP901,Europe,RLM11,REF1096
SP902,Asia,RLM6,REF914
SP902,Asia,RLM11,REF914
SP902,Europe,RLM11,REF914
SP902,Europe,RLM11,REF1096
SP903,Asia,RLM11,REF1139
SP903,Europe,RLM11,REF1139
SP903,Asia,RLM10,REF1139
SP903,Europe,RLM11,REF1096
SP904,Australia,RLM2,REF95
SP905,Europe,RLM11,REF1096
SP905,Asia,RLM11,REF1096
SP906,Africa,RLM3,REF96
SP906,Africa,RLM3,REF95
SP906,Asia,RLM11,REF96
SP906,Asia,RLM11,REF95
SP906,Europe,RLM11,REF95
SP906,Asia,RLM10,REF96
SP906,North America,RLM9,REF1096
SP906,Europe,RLM11,REF1096
SP907,Asia,RLM11,REF95
SP907,Europe,RLM11,REF95
SP907,Africa,RLM8,REF95
SP907,Asia,RLM8,REF95
SP908,Europe,RLM11,REF67
SP909,Europe,RLM11,REF1002
SP909,Asia,RLM11,REF1002
SP910,Asia,RLM11,REF1090
SP910,Europe,RLM11,REF1090
SP910,Asia,RLM11,REF1096
SP911,Asia,RLM11,REF1002
SP911,Asia,RLM6,REF1002
SP912,Europe,RLM11,REF355
SP913,Europe,RLM11,REF340
SP913,Africa,RLM8,REF340
SP914,Asia,RLM11,REF464
SP914,Asia,RLM10,REF464
SP914,Asia,RLM11,REF1096
SP915,Oceania,,REF840
SP915,Asia,RLM6,REF840
SP916,Asia,RLM6,REF62
SP916,Asia,RLM11,REF62
SP916,Asia,RLM10,REF62
SP916,Asia,RLM11,REF1096
SP917,Africa,RLM3,REF683
SP917,Europe,RLM11,REF957
SP917,Africa,RLM8,REF683
SP918,Asia,RLM11,REF708
SP918,Europe,RLM11,REF708
SP918,Europe,RLM11,REF1096
SP919,Asia,RLM6,REF1096
SP920,South America,RLM1,REF844
SP920,North America,RLM7,REF844
SP920,South America,RLM7,REF844
SP923,Australia,RLM2,REF272
SP923,Oceania,RLM9,REF272
SP923,Oceania,,REF272
SP923,Asia,RLM6,REF272
SP923,Asia,RLM11,REF1096
SP923,Asia,RLM6,REF1096
SP923,Australia,RLM2,REF1096
SP924,Asia,RLM6,REF984
SP924,Asia,RLM11,REF984
SP924,Asia,RLM10,REF984
SP925,North America,RLM9,REF650
SP925,South America,RLM1,REF650
SP925,North America,RLM7,REF650
SP925,South America,RLM1,REF1096
SP926,Asia,RLM11,REF853
SP926,Europe,RLM11,REF853
SP926,Africa,RLM8,REF853
SP926,Asia,RLM10,REF853
SP926,Europe,RLM11,REF1096
SP928,North America,RLM9,REF957
SP928,North America,RLM9,REF1096
SP928,South America,RLM1,REF1096
SP929,North America,RLM9,REF938
SP929,South America,RLM1,REF938
SP929,North America,RLM7,REF938
SP929,South America,RLM1,REF1096
SP930,South America,RLM1,REF1096
SP930,Asia,RLM6,REF1096
SP930,Africa,RLM3,REF1096
SP931,Asia,RLM11,REF1092
SP931,Europe,RLM11,REF1092
SP931,Asia,RLM10,REF1092
SP931,Asia,RLM6,REF1092
SP932,Australia,RLM2,REF493
SP932,Australia,RLM2,REF1096
SP933,Europe,RLM11,REF394
SP933,Europe,RLM11,REF1096
SP935,Asia,RLM11,REF148
SP935,Europe,RLM11,REF667
SP935,Africa,RLM8,REF148
SP935,Europe,RLM11,REF1096
SP936,Africa,RLM3,REF132
SP936,Asia,RLM6,REF132
SP936,Asia,RLM11,REF132
SP936,Europe,RLM11,REF132
SP936,Africa,RLM8,REF132
SP936,Asia,RLM8,REF132
SP936,Asia,RLM11,REF1096
SP937,North America,RLM9,REF768
SP937,South America,RLM1,REF768
SP937,North America,RLM7,REF768
SP938,North America,RLM9,REF1217
SP938,South America,RLM1,REF1217
SP938,North America,RLM7,REF1217
SP938,South America,RLM7,REF1217
SP1259,Africa,RLM3,REF441
SP1259,Australia,RLM2,REF441
SP1259,Oceania,,REF441
SP1259,Asia,RLM6,REF441
SP1259,Africa,RLM8,REF441
SP1259,Asia,RLM8,REF441
SP1259,Africa,RLM3,REF1096
SP939,Asia,RLM6,REF338
SP939,Asia,RLM11,REF338
SP939,Asia,RLM10,REF338
SP939,Asia,RLM6,REF1096
SP940,North America,RLM9,REF1065
SP940,North America,RLM9,REF196
SP940,South America,RLM1,REF1065
SP940,South America,RLM1,REF196
SP940,North America,RLM7,REF196
SP940,North America,RLM7,REF1065
SP940,North America,RLM9,REF1096
SP940,South America,RLM1,REF1096
SP941,Africa,RLM3,REF306
SP941,Africa,RLM8,REF306
SP941,Africa,RLM4,REF306
SP942,Australia,RLM2,REF570
SP942,Oceania,RLM2,REF570
SP942,Oceania,,REF570
SP942,Asia,RLM6,REF570
SP942,Asia,RLM11,REF570
SP942,Africa,RLM8,REF570
SP942,Asia,RLM8,REF570
SP942,Asia,RLM10,REF570
SP942,Asia,RLM11,REF1096
SP942,Asia,RLM6,REF1096
SP943,Africa,RLM3,REF350
SP943,Africa,RLM4,REF350
SP943,Oceania,,REF350
SP943,Asia,RLM6,REF350
SP943,Asia,RLM11,REF1096
SP943,Asia,RLM6,REF1096
SP943,Australia,RLM2,REF1096
SP943,Oceania,,REF1096
SP944,Africa,RLM3,REF683
SP944,South America,RLM1,REF683
SP944,Asia,RLM6,REF683
SP944,Africa,RLM8,REF683
SP944,Asia,RLM6,REF1096
SP1094,Asia,RLM6,REF1096
SP946,Oceania,,REF810
SP946,Asia,RLM6,REF810
SP946,Asia,RLM6,REF1096
SP947,Africa,RLM3,REF848
SP947,Australia,RLM2,REF848
SP947,Asia,RLM6,REF848
SP947,Asia,RLM11,REF848
SP947,Europe,RLM11,REF848
SP947,Asia,RLM8,REF848
SP947,Asia,RLM10,REF848
SP947,Asia,RLM6,REF1096
SP947,Africa,RLM3,REF1096
SP948,Australia,RLM2,REF493
SP948,Australia,RLM2,REF1096
SP949,Australia,RLM2,REF923
SP949,Australia,RLM2,REF1096
SP951,Australia,RLM2,REF493
SP951,Australia,RLM2,REF1096
SP952,Australia,RLM2,REF1181
SP952,Australia,RLM2,REF1096
SP953,Asia,RLM11,REF847
SP953,Asia,RLM10,REF847
SP953,Asia,RLM11,REF1096
SP954,North America,RLM9,REF499
SP954,South America,RLM1,REF499
SP954,North America,RLM7,REF499
SP954,South America,RLM1,REF1096
SP956,Europe,RLM11,REF683
SP957,Africa,RLM3,REF22
SP957,Asia,RLM6,REF22
SP957,Asia,RLM11,REF22
SP957,Europe,RLM11,REF22
SP957,South America,RLM1,REF1096
SP957,Asia,RLM6,REF1096
SP957,Africa,RLM3,REF1096
SP958,North America,RLM9,REF388
SP958,South America,RLM1,REF388
SP958,North America,RLM7,REF388
SP958,South America,RLM1,REF1096
SP959,Australia,RLM2,
SP959,Australia,RLM2,REF1096
SP1261,Australia,RLM2,REF509
SP1261,Oceania,,REF509
SP1261,Asia,RLM6,REF509
SP1261,Asia,RLM6,REF1096
SP960,Europe,RLM11,REF1002
SP961,Europe,RLM11,REF1116
SP961,Europe,RLM11,REF683
SP961,Africa,RLM8,REF1116
SP962,Europe,RLM11,REF683
SP963,Europe,RLM11,REF683
SP965,Asia,RLM11,REF281
SP965,Europe,RLM11,REF281
SP965,Europe,RLM11,REF1096
SP966,Europe,RLM11,REF1002
SP967,Asia,RLM11,REF1114
SP967,Asia,RLM10,REF1114
SP968,Europe,RLM11,REF1002
SP969,Europe,RLM11,REF239
SP970,Europe,RLM11,REF239
SP971,Europe,RLM11,REF1116
SP971,Africa,RLM8,REF1116
SP1262,Oceania,,REF193
SP1262,Oceania,,REF1096
SP973,South America,RLM1,REF1066
SP974,Australia,RLM2,REF1179
SP974,Australia,RLM2,REF1096
SP975,Australia,RLM2,REF722
SP976,Australia,RLM2,REF1142
SP976,Asia,RLM6,REF1142
SP976,Asia,RLM10,REF1142
SP976,Australia,RLM2,REF1096
SP1263,North America,RLM9,REF1126
SP1263,South America,RLM1,REF1126
SP1263,North America,RLM7,REF1126
SP1263,North America,RLM9,REF1096
SP1263,South America,RLM1,REF1096
SP977,North America,RLM9,REF1004
SP977,South America,RLM1,REF1004
SP977,North America,RLM7,REF1004
SP977,South America,RLM1,REF1096
SP979,North America,RLM7,REF447
SP979,South America,RLM1,REF1096
SP981,Asia,RLM6,REF1051
SP981,Asia,RLM6,REF1096
SP984,Asia,RLM11,REF799
SP984,Europe,RLM11,REF799
SP984,Europe,RLM11,REF1096
SP984,Asia,RLM11,REF1096
SP985,South America,RLM1,REF1096
SP986,South America,RLM1,REF901
SP987,North America,RLM9,REF49
SP987,North America,RLM9,REF1096
SP988,South America,RLM1,REF1033
SP988,South America,RLM1,REF1096
SP989,Europe,RLM11,REF1096
SP990,Europe,RLM11,REF683
SP991,Africa,RLM3,REF683
SP991,Asia,RLM11,REF683
SP991,Europe,RLM11,REF683
SP991,Africa,RLM8,REF683
SP991,Europe,RLM11,REF1096
SP993,Europe,RLM11,REF457
SP993,Europe,RLM11,REF1096
SP1320,Asia,RLM11,REF994
SP1320,Africa,RLM8,REF38
SP1320,Asia,RLM8,REF994
SP995,North America,RLM9,REF468
SP995,South America,RLM1,REF468
SP995,North America,RLM7,REF468
SP995,South America,RLM1,REF1096
SP996,North America,RLM9,REF980
SP996,Europe,RLM11,REF980
SP996,Asia,RLM11,REF980
SP996,North America,RLM9,REF1096
SP996,Europe,RLM11,REF1096
SP996,Asia,RLM11,REF1096
SP997,North America,RLM9,REF727
SP997,South America,RLM1,REF727
SP997,North America,RLM7,REF727
SP997,South America,RLM7,REF727
SP998,Australia,RLM2,REF857
SP998,Australia,RLM2,REF1096
SP999,Australia,RLM2,REF49
SP999,Australia,RLM2,REF1096
SP1267,Australia,RLM2,REF1157
SP1267,Oceania,,REF1157
SP1267,Asia,RLM6,REF1157
SP1267,Asia,RLM6,REF1096
SP1000,Asia,RLM6,REF1096
SP1000,Africa,RLM3,REF1096
SP1000,Australia,RLM2,REF1096
SP1001,Europe,RLM11,REF957
SP1002,North America,RLM7,REF152
SP1002,South America,RLM1,REF1096
SP1003,Africa,RLM3,REF1226
SP1003,Australia,RLM2,REF1226
SP1003,South America,RLM1,REF1226
SP1003,Asia,RLM6,REF1226
SP1003,South America,RLM1,REF1028
SP1003,North America,RLM9,REF1096
SP1004,Africa,RLM3,REF152
SP1004,Africa,RLM4,REF152
SP1004,South America,RLM1,REF152
SP1004,Africa,RLM3,REF1096
SP1005,Asia,RLM11,REF152
SP1005,Europe,RLM11,REF152
SP1005,Asia,RLM8,REF152
SP1006,Europe,RLM11,REF426
SP1006,Europe,RLM11,REF1096
SP1007,North America,RLM7,REF985
SP1007,South America,RLM1,REF1096
SP1008,Europe,RLM11,REF115
SP1009,Europe,RLM11,REF1134
SP1009,Europe,RLM11,REF1096
SP1010,Europe,RLM11,REF1096
SP1011,Asia,RLM11,REF180
SP1011,Europe,RLM11,REF180
SP1280,Australia,RLM2,REF917
SP1280,Oceania,,REF917
SP1280,Asia,RLM6,REF917
SP1280,Asia,RLM8,REF917
SP1280,Asia,RLM10,REF917
SP1269,Australia,RLM2,REF664
SP1269,Oceania,,REF664
SP1269,Asia,RLM6,REF664
SP1269,Asia,RLM10,REF664
SP1269,Asia,RLM6,REF1096
SP1111,Australia,RLM2,REF588
SP1111,Asia,RLM6,REF588
SP1111,Asia,RLM10,REF588
SP1111,Asia,RLM6,REF840
SP1111,Oceania,,REF840
SP1013,Asia,RLM6,REF143
SP1013,Asia,RLM11,REF143
SP1013,Europe,RLM11,REF143
SP1013,Asia,RLM8,REF143
SP1013,Asia,RLM10,REF143
SP1013,Europe,RLM11,REF1096
SP1013,Asia,RLM11,REF1096
SP1014,Europe,RLM11,REF489
SP1014,Africa,RLM8,REF489
SP1014,Europe,RLM11,REF1096
SP1270,North America,RLM9,REF808
SP1270,South America,RLM1,REF808
SP1270,South America,RLM7,REF808
SP1270,North America,RLM7,REF808
SP1015,Asia,RLM6,REF1040
SP1015,Australia,RLM2,REF1096
SP1016,Asia,RLM11,REF1041
SP1016,Europe,RLM11,REF1041
SP1016,Europe,RLM11,REF1096
SP1016,Asia,RLM11,REF1096
SP1017,Asia,RLM11,REF624
SP1017,Europe,RLM11,REF162
SP1017,Europe,RLM11,REF624
SP1017,Africa,RLM8,REF162
SP1017,Europe,RLM11,REF1096
SP1018,Europe,RLM11,REF371
SP1018,Africa,RLM8,REF371
SP1018,Europe,RLM11,REF1096
SP1020,South America,RLM1,REF957
SP1020,Europe,RLM11,REF1096
SP1021,South America,RLM1,REF957
SP1021,South America,RLM1,REF1096
SP1022,Europe,RLM11,REF248
SP1022,Europe,RLM11,REF1096
SP1023,Asia,RLM6,REF683
SP1023,Asia,RLM8,REF683
SP1023,Asia,RLM6,REF1096
SP1024,Africa,RLM3,REF885
SP1024,Africa,RLM3,REF1096
SP1272,North America,RLM9,REF163
SP1272,North America,RLM7,REF163
SP1272,South America,RLM1,REF1096
SP1025,Asia,RLM6,REF529
SP1025,Asia,RLM11,REF529
SP1025,Asia,RLM10,REF529
SP1025,Asia,RLM11,REF1096
SP1025,Asia,RLM6,REF1096
SP1027,Africa,RLM3,REF448
SP1027,Asia,RLM6,REF448
SP1027,Africa,RLM8,REF448
SP1027,Asia,RLM6,REF1096
SP1028,Australia,RLM2,REF1096
SP1029,Europe,RLM11,REF1096
SP1030,Africa,RLM3,REF1227
SP1030,Oceania,,REF1227
SP1030,Asia,RLM6,REF1227
SP1030,Africa,RLM3,REF1096
SP1031,Africa,RLM3,REF957
SP1031,Asia,RLM6,REF957
SP1031,Asia,RLM11,REF957
SP1031,Africa,RLM8,REF957
SP1031,Europe,RLM11,REF1096
SP1032,North America,RLM9,REF518
SP1032,North America,RLM9,REF1096
SP1034,Asia,RLM6,REF926
SP1034,Asia,RLM8,REF926
SP1034,Asia,RLM10,REF926
SP1273,Oceania,,REF1228
SP1273,Asia,RLM6,REF1228
SP1273,Asia,RLM6,REF1096
SP1273,Australia,RLM2,REF1096
SP1273,Oceania,,REF1096
SP1035,South America,RLM1,REF506
SP1035,South America,RLM1,REF1096
SP1289,Europe,RLM11,REF92
SP1039,Europe,RLM11,REF960
SP1039,Europe,RLM11,REF1096
SP1040,Asia,RLM6,REF955
SP1040,Asia,RLM11,REF955
SP1040,Europe,RLM11,REF955
SP1040,Africa,RLM8,REF955
SP1040,Asia,RLM8,REF955
SP1040,Asia,RLM10,REF955
SP1041,South America,RLM1,
SP1041,South America,RLM1,REF1096
SP1042,Australia,RLM2,REF152
SP1042,Australia,RLM2,REF1096
SP1043,Australia,RLM2,REF73
SP1043,Australia,RLM2,REF1096
SP1293,Australia,RLM2,REF1096
SP1276,North America,RLM9,REF793
SP1276,North America,RLM7,REF793
SP1276,South America,RLM1,REF1096
SP1044,North America,RLM9,REF349
SP1044,South America,RLM1,REF349
SP1044,North America,RLM7,REF349
SP1044,South America,RLM7,REF349
SP1112,Asia,RLM6,REF360
SP1112,Asia,RLM10,REF360
SP1112,Australia,RLM2,REF360
SP1112,Oceania,,REF360
SP1045,North America,RLM9,REF1146
SP1045,Asia,RLM11,REF1146
SP1045,Europe,RLM11,REF1146
SP1045,North America,RLM7,REF1146
SP1045,Africa,RLM8,REF1146
SP1045,Asia,RLM8,REF1146
SP1045,North America,RLM9,REF1096
SP1046,Africa,RLM3,REF1149
SP1046,Africa,RLM4,REF1149
SP1046,North America,RLM9,REF1149
SP1046,Asia,RLM6,REF1149
SP1046,Asia,RLM11,REF1149
SP1046,Europe,RLM11,REF1149
SP1046,Africa,RLM8,REF1149
SP1046,Asia,RLM8,REF1149
SP1046,Asia,RLM10,REF1149
SP1046,Asia,RLM11,REF1096
SP1046,Africa,RLM3,REF1096
SP1047,South America,RLM1,REF315
SP1277,North America,RLM9,REF1147
SP1277,South America,RLM1,REF1147
SP1277,North America,RLM7,REF1147
SP1277,South America,RLM7,REF1147
SP1277,North America,RLM9,REF1096
SP1287,Africa,RLM3,REF628
SP1048,Europe,RLM11,REF851
SP1048,Europe,RLM11,REF1096
SP1049,North America,RLM9,REF683
SP1051,Europe,RLM11,REF744
SP1051,Africa,RLM8,REF744
SP1051,Europe,RLM11,REF1096
SP1053,North America,RLM9,REF1002
SP1053,Asia,RLM6,REF1002
SP1053,Europe,RLM11,REF1002
SP1053,Asia,RLM11,REF1002
SP1053,North America,RLM7,REF1002
SP1053,North America,RLM9,REF1096
SP1053,Europe,RLM11,REF1096
SP1053,Asia,RLM11,REF1096
SP1054,Europe,RLM11,REF219
SP1054,Europe,RLM11,REF1096
SP1054,Asia,RLM11,REF1096
SP1054,Africa,RLM3,REF1096
SP1055,North America,RLM9,REF568
SP1055,South America,RLM1,REF568
SP1055,South America,RLM1,REF1096
SP1056,North America,RLM9,REF483
SP1056,South America,RLM1,REF483
SP1056,North America,RLM7,REF483
SP1056,North America,RLM9,REF1096
SP1057,North America,RLM9,REF1002
SP1085,Asia,RLM11,REF503
SP1085,Europe,RLM11,REF503
SP1085,Asia,RLM8,REF503
SP1060,Asia,RLM11,REF81
SP1060,Europe,RLM11,REF81
SP1060,Europe,RLM11,REF1096
SP1061,Europe,RLM11,REF671
SP1061,Asia,RLM11,REF671
SP1062,Asia,RLM11,REF384
SP1062,Europe,RLM11,REF1168
SP1062,Europe,RLM11,REF1096
SP1314,Europe,RLM11,REF1018
SP1328,North America,RLM9,
SP1064,Africa,RLM3,REF635
SP1064,Africa,RLM8,REF635
SP1066,North America,RLM9,REF1215
SP1066,Asia,RLM6,REF1215
SP1066,Asia,RLM11,REF1215
SP1066,Europe,RLM11,REF1215
SP1066,Asia,RLM10,REF1215
SP1067,Asia,RLM11,REF573
SP1067,Europe,RLM11,REF573
SP1067,Africa,RLM8,REF573
SP1067,Asia,RLM8,REF573
SP1067,Africa,RLM3,REF573
SP1068,Africa,RLM3,REF523
SP1068,Asia,RLM11,REF523
SP1068,Europe,RLM11,REF523
SP1068,Africa,RLM8,REF523
SP1068,Europe,RLM11,REF1096
SP1069,Asia,RLM6,REF1194
SP1069,Asia,RLM6,REF745
SP1069,Asia,RLM11,REF745
SP1069,Europe,RLM11,REF745
SP1069,Africa,RLM8,REF1194
SP1069,Asia,RLM8,REF745
SP1069,Asia,RLM10,REF745
SP1069,Asia,RLM10,REF1194
SP1069,Africa,RLM4,REF1194
SP1069,Africa,RLM3,REF1194
SP1070,Africa,RLM3,REF364
SP1070,Australia,RLM2,REF364
SP1070,Oceania,,REF364
SP1070,Asia,RLM6,REF364
SP1070,Africa,RLM8,REF364
SP1070,Asia,RLM6,REF1096
SP1071,Australia,RLM2,REF493
SP1071,Australia,RLM2,REF1096
SP1072,North America,RLM7,REF438
SP1072,North America,RLM9,REF438
SP1073,Europe,RLM11,REF230
SP42,Europe,RLM11,
