AreaID;AreaName;Country;Continent;SubContinent
AFG.1_1;Afghanistan;Afghanistan;Asia;
AGO.1_1;Angola;Angola;Africa;
ALB.1_1;Albania;Albania;Europe;
AND.1_1;Andorra;Andorra;Europe;
ARE.1_1;United Arab Emirates;United Arab Emirates;Asia;
ARG.1_1;Argentina;Argentina;South America;
ARG.2_1;Argentina;Argentina;South America;
ARM.1_1;Armenia;Armenia;Asia;
ATA.1_1;Antarctica;Antarctica;Antarctica;
ATG.1_1;Antigua and Barbuda;Antigua and Barbuda;North America;
AUS.1_1;Australia;Australia;Australia;
AUS.2_1;Australian Islands;Australia;Australia;
AUS.3_1;Australian Oceania Territories;Australia;Oceania;
AUS.4_1;Australian Antarctic Territories;Australia;Antarctica;
AUS.5_1;Australian Asian Territories;Australia;Asia;
AUT.1_1;Austria;Austria;Europe;
AZE.1_1;Azerbaijan;Azerbaijan;Asia;
BDI.1_1;Burundi;Burundi;Africa;
BEL.1_1;Belgium;Belgium;Europe;
BEN.1_1;Benin;Benin;Africa;
BFA.1_1;Burkina Faso;Burkina Faso;Africa;
BGD.1_1;Bangladesh;Bangladesh;Asia;
BGR.1_1;Bulgaria;Bulgaria;Europe;
BHR.1_1;Bahrain;Bahrain;Asia;
BHS.1_1;Bahamas;Bahamas;North America;
BIH.1_1;Bosnia and Herzegovina;Bosnia and Herzegovina;Europe;
BLR.1_1;Belarus;Belarus;Europe;
BLZ.1_1;Belize;Belize;North America;
BOL.1_1;Bolivia;Bolivia;South America;
BRA.1_1;Brazil;Brazil;South America;
BRB.1_1;Barbados;Barbados;North America;
BRN.1_1;Brunei;Brunei;Asia;
BTN.1_1;Bhutan;Bhutan;Asia;
BWA.1_1;Botswana;Botswana;Africa;
CAF.1_1;Central African Republic;Central African Republic;Africa;
CAN.1_1;Canada;Canada;North America;
CHE.1_1;Switzerland;Switzerland;Europe;
CHL.1_1;Chile;Chile;South America;
CHN.1_1;China;China;Asia;
CHN.2_1;China;China;Asia;
CHN.3_1;China;China;Asia;
CIV.1_1;C√¥te d'Ivoire;C√¥te d'Ivoire;Africa;
CMR.1_1;Cameroon;Cameroon;Africa;
COD.1_1;Democratic Republic of the Congo;Democratic Republic of the Congo;Africa;
COG.1_1;Republic of the Congo;Republic of the Congo;Africa;
COL.1_1;Colombia;Colombia;South America;
COL.2_1;North America Colombian Islands;Colombia;North America;
COM.1_1;Comoros;Comoros;Africa;
CPV.1_1;Cabo Verde;Cabo Verde;Africa;
CRI.1_1;Costa Rica;Costa Rica;North America;
CUB.1_1;Cuba;Cuba;North America;
CYP.1_1;Cyprus;Cyprus;Asia;
CZE.1_1;Czechia;Czechia;Europe;
DEU.1_1;Germany;Germany;Europe;
DJI.1_1;Djibouti;Djibouti;Africa;
DMA.1_1;Dominica;Dominica;North America;
DNK.1_1;Denmark;Denmark;Europe;
DNK.2_1;Denmark North American Territory;Denmark;North America;
DNK.3_1;Faroe;Denmark;Europe;
DOM.1_1;Dominican Republic;Dominican Republic;North America;
DZA.1_1;Algeria;Algeria;Africa;
ECU.1_1;Ecuador;Ecuador;South America;
ECU.2_1;Ecuador;Ecuador;South America;
EGY.1_1;Egypt;Egypt;Africa;
ERI.1_1;Eritrea;Eritrea;Africa;
ESH.1_1;Western Sahara;Western Sahara;Africa;
ESP.1_1;Spain;Spain;Europe;
ESP.1_2;Spain;Spain;Africa;
ESP.2_1;Spain;Spain;Africa;
ESP.3_1;Spain;Spain;Europe;
EST.1_1;Estonia;Estonia;Europe;
ETH.1_1;Ethiopia;Ethiopia;Africa;
FIN.1_1;Finland;Finland;Europe;
FIN.2_1;Finland Islands;Finland;Europe;
FJI.1_1;Fiji;Fiji;Oceania;Melanesia
FRA.1_1;France;France;Europe;
FRA.2_1;French European Islands;France;Europe;
FRA.3_1;French African Islands;France;Africa;
FRA.4_1;French Antarctic Islands;France;Antarctica;
FRA.5_1;French North American Islands;France;North America;
FRA.6_1;French Polynesia;France;Oceania;Polynesia
FRA.7_1;New Caledonia;France;Oceania;Melanesia
FRA.8_1;French Guiana;France;South America;
FSM.1_1;Micronesia;Micronesia;Oceania;Micronesia
GAB.1_1;Gabon;Gabon;Africa;
GBR.1_1;United Kingdom;United Kingdom;Europe;
GBR.1_2;Gibraltar;United Kingdom;Africa;
GBR.2_1;South Georgia and the South Sand;United Kingdom;Antarctica;
GBR.3_1;Saint Helena, Ascension and Tris;United Kingdom;Africa;
GBR.4_1;Pitcairn Islands;United Kingdom;Oceania;Polynesia
GBR.5_1;Falkland Islands;United Kingdom;South America;
GBR.6_1;UK North American Islands;United Kingdom;North America;
GBR.7_1;British Indian Ocean Territory;United Kingdom;Asia;
GEO.1_1;Georgia;Georgia;Asia;
GHA.1_1;Ghana;Ghana;Africa;
GIN.1_1;Guinea;Guinea;Africa;
GMB.1_1;Gambia;Gambia;Africa;
GNB.1_1;Guinea-Bissau;Guinea-Bissau;Africa;
GNB.2_1;Guinea-Bissau Islands;Guinea-Bissau;Africa;
GNQ.1_1;Equatorial Guinea;Equatorial Guinea;Africa;
GNQ.2_1;Equatorial Guinea Islands;Equatorial Guinea;Africa;
GRC.1_1;Greece;Greece;Europe;
GRC.2_1;Greece;Greece;Europe;
GRD.1_1;Grenada;Grenada;North America;
GTM.1_1;Guatemala;Guatemala;North America;
GUM.1_1;Guam;Guam;Oceania;Micronesia
GUY.1_1;Guyana;Guyana;South America;
HND.1_1;Honduras;Honduras;North America;
HND.2_1;Honduras;Honduras;North America;
HRV.1_1;Croatia;Croatia;Europe;
HTI.1_1;Haiti;Haiti;North America;
HUN.1_1;Hungary;Hungary;Europe;
IDN.1_1;Indonesia;Indonesia;Asia;
IND.1_1;India;India;Asia;
IND.2_1;Indian Asian Islands;India;Asia;
IRL.1_1;Ireland;Ireland;Europe;
IRN.1_1;Iran;Iran;Asia;
IRQ.1_1;Iraq;Iraq;Asia;
ISL.1_1;Iceland;Iceland;Europe;
ISR.1_1;Israel;Israel;Asia;
ITA.1_1;Italy;Italy;Europe;
ITA.2_1;Italian European Islands;Italy;Europe;
JAM.1_1;Jamaica;Jamaica;North America;
JOR.1_1;Jordan;Jordan;Asia;
JPN.1_1;Japan;Japan;Asia;
KAZ.1_1;Kazakhstan;Kazakhstan;Asia;
KEN.1_1;Kenya;Kenya;Africa;
KGZ.1_1;Kyrgyzstan;Kyrgyzstan;Asia;
KHM.1_1;Cambodia;Cambodia;Asia;
KIR.1_1;Kiribati;Kiribati;Oceania;Micronesia
KNA.1_1;Saint Kitts and Nevis;Saint Kitts and Nevis;North America;
KOR.1_1;South Korea;South Korea;Asia;
KOR.2_1;South Korea;South Korea;Asia;
KWT.1_1;Kuwait;Kuwait;Asia;
LAO.1_1;Laos;Laos;Asia;
LBN.1_1;Lebanon;Lebanon;Asia;
LBR.1_1;Liberia;Liberia;Africa;
LBY.1_1;Libya;Libya;Africa;
LCA.1_1;Saint Lucia;Saint Lucia;North America;
LIE.1_1;Liechtenstein;Liechtenstein;Europe;
LKA.1_1;Sri Lanka;Sri Lanka;Asia;
LSO.1_1;Lesotho;Lesotho;Africa;
LTU.1_1;Lithuania;Lithuania;Europe;
LUX.1_1;Luxembourg;Luxembourg;Europe;
LVA.1_1;Latvia;Latvia;Europe;
MAR.1_1;Morocco;Morocco;Africa;
MCO.1_1;Monaco;Monaco;Europe;
MDA.1_1;Moldova;Moldova;Europe;
MDG.1_1;Madagascar;Madagascar;Africa;
MDV.1_1;Maldives;Maldives;Asia;
MEX.1_1;México;México;North America;
MHL.1_1;Marshall Islands;Marshall Islands;Oceania;Micronesia
MKD.1_1;North Macedonia;North Macedonia;Europe;
MLI.1_1;Mali;Mali;Africa;
MLT.1_1;Malta;Malta;Europe;
MMR.1_1;Myanmar;Myanmar;Asia;
MNE.1_1;Montenegro;Montenegro;Europe;
MNG.1_1;Mongolia;Mongolia;Asia;
MOZ.1_1;Mozambique;Mozambique;Africa;
MRT.1_1;Mauritania;Mauritania;Africa;
MUS.1_1;Mauritius;Mauritius;Africa;
MWI.1_1;Malawi;Malawi;Africa;
MYS.1_1;Malaysia;Malaysia;Asia;
NAM.1_1;Namibia;Namibia;Africa;
NER.1_1;Niger;Niger;Africa;
NGA.1_1;Nigeria;Nigeria;Africa;
NIC.1_1;Nicaragua;Nicaragua;North America;
NIU.1_1;Niue;Niue;Oceania;Polynesia
NLD.1_1;Netherlands;Netherlands;Europe;
NLD.2_1;Dutch North American Islands;Netherlands;North America;
NLD.3_1;Dutch South American Islands;Netherlands;South America;
NOR.1_1;Norway;Norway;Europe;
NOR.2_1;Bouvet Island;Norway;Antarctica;
NOR.3_1;Svalbard, Jan Mayen;Norway;Europe;
NPL.1_1;Nepal;Nepal;Asia;
NRU.1_1;Nauru;Nauru;Oceania;Micronesia
NZL.1_1;New Zealand;New Zealand;Oceania;
NZL.2_1;Cook Islands;New Zealand;Oceania;Polynesia
OMN.1_1;Oman;Oman;Asia;
PAK.1_1;Pakistan;Pakistan;Asia;
PAN.1_1;Panama;Panama;North America;
PER.1_1;Peru;Peru;South America;
PHL.1_1;Philippines;Philippines;Asia;
PLW.1_1;Palau;Palau;Oceania;Micronesia
PNG.1_1;Papua New Guinea;Papua New Guinea;Oceania;Melanesia
POL.1_1;Poland;Poland;Europe;
PRK.1_1;North Korea;North Korea;Asia;
PRT.1_1;Portugal;Portugal;Europe;
PRT.2_1;Portugal;Portugal;Europe;
PRT.3_1;Portugal;Portugal;Africa;
PRY.1_1;Paraguay;Paraguay;South America;
PSE.1_1;Palestine;Palestine;Asia;
QAT.1_1;Qatar;Qatar;Asia;
ROU.1_1;Romania;Romania;Europe;
RUS.1_1;Russia;Russia;Europe;
RUS.1_2;Russia;Russia;Asia;
RWA.1_1;Rwanda;Rwanda;Africa;
SAU.1_1;Saudi Arabia;Saudi Arabia;Asia;
SDN.1_1;Sudan;Sudan;Africa;
SEN.1_1;Senegal;Senegal;Africa;
SGP.1_1;Singapore;Singapore;Asia;
SLB.1_1;Solomon Islands;Solomon Islands;Oceania;Melanesia
SLE.1_1;Sierra Leone;Sierra Leone;Africa;
SLV.1_1;El Salvador;El Salvador;North America;
SMR.1_1;San Marino;San Marino;Europe;
SOM.1_1;Somalia;Somalia;Africa;
SRB.1_1;Serbia;Serbia;Europe;
SSD.1_1;South Sudan;South Sudan;Africa;
STP.1_1;S√£o Tom√© and Pr√≠ncipe;S√£o Tom√© and Pr√≠ncipe;Africa;
SUR.1_1;Suriname;Suriname;South America;
SVK.1_1;Slovakia;Slovakia;Europe;
SVN.1_1;Slovenia;Slovenia;Europe;
SWE.1_1;Sweden;Sweden;Europe;
SWE.2_1;Sweden European Islands;Sweden;Europe;
SWZ.1_1;Swaziland;Swaziland;Africa;
SYC.1_1;Seychelles;Seychelles;Africa;
SYR.1_1;Syria;Syria;Asia;
TCD.1_1;Chad;Chad;Africa;
TGO.1_1;Togo;Togo;Africa;
THA.1_1;Thailand;Thailand;Asia;
TJK.1_1;Tajikistan;Tajikistan;Asia;
TKL.1_1;Tokelau;Tokelau;Oceania;Polynesia
TKM.1_1;Turkmenistan;Turkmenistan;Asia;
TLS.1_1;Timor-Leste;Timor-Leste;Asia;
TON.1_1;Tonga;Tonga;Oceania;Polynesia
TTO.1_1;Trinidad and Tobago;Trinidad and Tobago;South America;
TUN.1_1;Tunisia;Tunisia;Africa;
TUR.1_1;Turkey;Turkey;Asia;
TUV.1_1;Tuvalu;Tuvalu;Oceania;Polynesia
TWN.1_1;Taiwan;Taiwan;Asia;
TZA.1_1;Tanzania;Tanzania;Africa;
TZA.2_1;Tanzania African Islands;Tanzania;Africa;
UGA.1_1;Uganda;Uganda;Africa;
UKR.1_1;Ukraine;Ukraine;Europe;
URY.1_1;Uruguay;Uruguay;South America;
USA.1_1;United States;United States;North America;
USA.1_2;United States;United States;North America;
USA.2_1;United States;United States;Oceania;
USA.3_1;US North American Islands;United States;North America;
USA.4_1;US Oceania Micronesia Islands;United States;North America;Micronesia
USA.5_1;American Samoa;United States;Oceania;Polynesia
USA.6_1;US Oceania Micronesia Islands;United States;Oceania;Micronesia
UZB.1_1;Uzbekistan;Uzbekistan;Asia;
VAT.1_1;Vatican City;Vatican City;Europe;
VCT.1_1;Saint Vincent and the Grenadines;Saint Vincent and the Grenadines;North America;
VEN.1_1;Venezuela;Venezuela;South America;
VEN.2_1;Venezuela;Venezuela;South America;
VNM.1_1;Vietnam;Vietnam;Asia;
VUT.1_1;Vanuatu;Vanuatu;Oceania;Melanesia
WSM.1_1;Samoa;Samoa;Oceania;Polynesia
XCA.1_1;Caspian Sea;Caspian Sea;Asia;
XKO.1_1;Kosovo;Kosovo;Europe;
XPI.1_1;Paracel Islands;Paracel Islands;Asia;
XSP.1_1;Spratly Islands;Spratly Islands;Asia;
YEM.1_1;Yemen;Yemen;Asia;
ZAF.1_1;South Africa;South Africa;Africa;
ZMB.1_1;Zambia;Zambia;Africa;
ZWE.1_1;Zimbabwe;Zimbabwe;Africa;